"","pid","group","race_ethn","gender","age","geq_1","geq_10","geq_11","geq_12","geq_13","geq_14","geq_15","geq_16","geq_17","geq_18","geq_19","geq_2","geq_20","geq_3","geq_4","geq_5","geq_6","geq_7","geq_8","geq_9","ibqh_1","ibqh_10","ibqh_11","ibqh_12","ibqh_2","ibqh_3","ibqh_4","ibqh_5","ibqh_6","ibqh_7","ibqh_8","ibqh_9","tsc_1","tsc_10","tsc_11","tsc_12","tsc_13","tsc_14","tsc_15","tsc_16","tsc_17","tsc_18","tsc_19","tsc_2","tsc_20","tsc_21","tsc_22","tsc_23","tsc_24","tsc_25","tsc_26","tsc_27","tsc_28","tsc_29","tsc_3","tsc_30","tsc_31","tsc_32","tsc_33","tsc_34","tsc_35","tsc_36","tsc_37","tsc_38","tsc_39","tsc_4","tsc_40","tsc_5","tsc_6","tsc_7","tsc_8","tsc_9"
"1",1,"1","5","1",19,4,5,5,5,4,4,5,4,4,4,4,4,4,4,5,4,3,1,4,4,2,1,1,1,1,1,2,2,2,2,2,2,2,1,0,2,0,3,2,3,2,0,1,3,1,0,2,0,1,3,1,0,1,0,2,0,2,0,1,2,0,0,1,1,1,3,0,0,2,1,3,1
"2",2,"1","5","1",19,3,3,3,3,3,3,1,1,1,1,2,4,1,4,4,3,1,1,1,1,0,0,0,0,0,0,0,0,0,0,0,0,1,2,0,0,0,0,0,0,0,1,1,0,0,0,0,0,0,0,0,0,0,0,0,0,0,0,0,1,0,0,0,0,0,3,0,0,0,0,0,0
"3",3,"1","5","1",19,4,4,3,4,3,2,1,1,3,1,2,4,1,4,4,4,4,2,2,1,2,0,2,1,1,0,0,0,0,3,3,0,3,1,1,0,0,2,0,2,0,0,3,1,0,0,2,0,0,0,0,0,2,0,2,0,0,0,0,0,0,0,0,0,0,2,0,0,0,0,2,0
"4",4,"1","5","1",19,5,3,2,2,4,4,2,2,3,3,3,5,2,5,5,5,5,5,4,2,2,1,1,1,2,2,1,2,2,1,1,0,1,0,0,1,0,0,1,0,3,1,1,0,0,0,2,1,0,0,1,0,0,0,0,0,0,0,0,0,0,0,0,0,0,0,0,0,1,0,0,3
"5",5,"1","5","1",18,4,2,3,3,3,3,3,3,2,5,4,3,4,3,3,3,2,2,1,3,3,1,1,2,3,2,2,2,2,2,3,1,1,0,0,0,0,1,1,0,0,0,1,1,0,0,1,0,0,1,0,0,0,0,0,0,0,0,0,1,0,0,0,0,0,0,0,0,1,0,0,1
"6",6,"1","5","1",19,3,1,1,1,1,1,1,1,2,1,1,3,1,3,3,1,1,1,1,1,3,1,2,2,0,1,2,2,2,1,2,0,2,0,0,0,0,0,2,1,0,0,0,2,0,0,1,0,0,0,0,0,2,0,0,0,0,0,0,0,0,0,0,0,0,0,0,0,0,0,1,1
"7",7,"1","6","1",19,5,3,2,1,3,3,3,3,3,3,3,5,3,5,5,5,3,4,4,4,0,0,0,0,0,2,1,1,1,1,1,0,3,3,0,0,0,0,2,2,1,2,1,1,3,3,2,1,1,1,2,0,1,0,2,1,2,1,1,1,2,0,1,0,1,3,0,0,0,0,2,3
"8",8,"1","5","1",18,2,2,2,1,3,3,1,1,2,1,4,1,1,2,1,1,1,1,1,1,2,2,0,0,0,0,1,1,1,0,0,3,1,0,0,0,0,2,0,0,0,0,0,1,0,0,0,0,0,0,0,0,0,0,0,0,0,0,0,0,0,0,0,0,0,1,0,0,0,0,1,1
"9",9,"1","2","2",20,1,2,2,1,2,2,1,1,2,2,2,1,2,3,3,4,3,3,2,3,3,1,2,1,0,0,3,1,2,1,1,0,0,2,1,3,1,1,3,1,3,0,1,1,0,0,1,0,2,1,1,1,0,0,0,0,1,0,0,0,1,1,2,0,1,1,1,0,3,1,1,0
"10",10,"1","2","1",18,3,2,1,2,2,2,1,1,3,1,2,3,1,3,3,1,1,1,1,1,1,0,0,0,0,0,0,1,1,1,1,0,1,0,0,1,0,1,1,0,1,0,1,2,0,1,2,0,1,1,0,0,1,0,1,0,1,0,1,0,1,0,1,0,0,0,0,0,1,1,2,1
"11",11,"1","5","1",19,3,1,1,1,1,1,1,1,1,1,1,2,1,2,2,2,1,2,1,2,3,0,0,0,0,0,0,0,0,0,0,0,1,1,1,2,1,1,2,0,3,0,1,3,1,1,1,1,0,0,0,0,3,1,0,0,0,0,3,2,0,0,0,0,0,3,0,2,2,1,3,1
"12",12,"1","5","1",18,4,4,4,4,3,2,2,2,2,1,3,4,2,4,4,4,3,3,2,3,2,1,0,0,1,1,0,0,0,0,0,0,2,3,0,1,3,3,1,3,1,0,3,2,0,1,3,0,0,2,1,0,2,0,1,1,0,1,1,0,1,0,0,0,1,3,0,1,1,3,2,2
"13",13,"1","5","1",18,3,2,4,4,3,2,3,1,3,2,2,3,1,3,3,4,3,3,3,3,1,1,1,1,1,1,1,1,2,2,3,1,3,3,1,3,0,2,3,2,1,2,0,0,2,0,3,1,0.839237250546311,2,0,0,0,0,0,0,0,0,1,2,0,0,1,0,0,2,1,1,2,2,0,0
"14",14,"1","5","1",18,5,5,5,5,3,3,1,1,1,1,1,5,1,5,5,4,2,1,2,3,3,0,3,3,1,2,3,3,2.90532703364685,2,1,0,0,1,0,0,0,0,0,1,2,0,0,1,0,0,3,0,0,0,0,0,0,0,0.355104974146973,0,0,0,0,0,0,0,0,0,0,1,0,0,0,0,1,0
"15",15,"1","5","2",18,2,2,1,2,2,2,1,1,2,1,2,2,1,4,4,4,3,2,3,3,1,1,0,0,1,1,0,1,1,1,1,0,2,0,3,1,0,1,1,0,1,0,3,1,0,0,1,1,0,1,0,0,0,0,0,0,0,0,0,0,0,0,1,0,0,0,0,3,1,0,0,1
"16",16,"1","5","1",19,2,4,3,4,3,1,2,2,1,2,2,2,1,2,1,1,1,1,1,1,0,0,0,0,0,0,1,1,1,0,0,0,1,0,0,0,0,1,0,0,0,0,2,0,0,0,0,0,0,0,0,0,0,0,0,0,0,0,0,0,0,0,0,0,0,0,0,0,0,0,1,0
"17",17,"1","5","1",20,5,3,3,3,2,2,2,2,1,1,1,5,1,5,5,4,3,2,2,1,0,0,0,0,0,0,1,0,0,1,1,0,2,1,0,1,2,1,2,1,0,0,0,2,0,0,2,0,0,0,0,0,1,0,0,0,0,0,1,0,0,0,0,0,1,0,0,0,1,1,1,0
"18",18,"1","2","2",20,2,4,3,3,3,1,1,1,1,1,1,2,1,3,2,3,3,3,4,2,0,0,0,0,0,0,1,0,0,0,0,1,2,2,1,2,1,3,1,1,2,1,3,3,0,0,3,2,1,1,0,0,1,0,1,0,1,2,1,2,1,0,1,0,1,3,1,1,2,2,2,1
"19",19,"1","5","1",23,3,3,3,3,2,2,1,3,2,4,5,2,5,3,3,3,1,2,1,1,3,1,0,2,1,1,3,3,3,2,2,2,2,0,1,1,0,0,1,0,3,0,3,1,0,0,1,0,1,1,0,0,0,0,0,0,3,0,2,1,0,0,0,0,0,1,0,0,1,1,1,0
"20",20,"1","5","1",23,5,3,2,3,4,3,3,4,2,5,5,5,4,5,5,5,5,5,5,5,2,2,3,3,1,1,2,2,2,1,1,2,1,0,0,3,3,2,2,1,2,2,3,3,0,1,3,0,1,1,0,0,3,1,0,0,1,0,2,2,1,1,3,0,0,0,0,0,3,0,3,0
"21",21,"1","5","1",21,3,1,1,1,3,3,2,2,1,1,2,2,1,3,3,3,3,3,1,2,2,0,0,0,1,0,3,2,1,0,1,1,1,0,0,0,0,0,0,0,1,0,1,0,0,0,1,0,0,0,0,0,1,0,0,0,0,0,0,0,0,0,0,0,0,0,0,0,0,0,1,0
"22",22,"1","5","1",20,3,2,2,3,3,3,2,2,1,1,1,3,1,3,3,2,1,1,1,3,2,0,0,0,2,2,2,1,1,1,2,0,3,2,0,2,0,1,3,1,2,0,3,1,1,1,2,2,0,1,0,0,0,2,0,0,0,0,3,2,1,0,3,0,0,3,0,2,2,1,1,3
"23",23,"1","2","1",20,1,1,3,1,1,3,3,1,1,1,4,1,1,1,1,1,1,1,1,1,1,0,0,1,2,0,1,0,1,0,0,0,3,0,0,0,0,0,1,2,0,0,3,2,0,0,2,0,0,0,0,0,0,0,0,0,0,0,0,0,0,0,0,0,0,2,0,0,1,0,0,0
"24",24,"1","2","1",20,1,1,1,1,1,1,1,1,2,1,1,1,1,2,1,1,2,1,1,1,2,2,3,3,3,3,2,2,2,2,1,1,0,0,0,0,0,0,0,0,0,0,0,0,0,0,0,0,0,0,0,0,0,0,0,0,0,0,0,0.42106105362544,0,0,0,0,0,0,0,0,1,0,0,0
"25",25,"1","2","1",23,1,1,1,1,1,1,1,1,1,1,1,1,1,1,1,1,1,1,1,1,0,0,0,0,0,0,0,0,0,0,0,0,0,0,0,0,0,0,0,0,0,0,0,2,0,0,0,0,0,1,0,0,1,0,1,0,0,0,0,0,0,0,0,0,0,3,0,0,0,0,0,0
"26",26,"1","5","1",19,3,2,2,2,2,2,1,1,1,1,1,2,1,3,2,2,1,1,2,1,1,1,1,1,1,0,0,1,1,1,1,1,1,0,0,1,0,0,1,0,0,0,0,0,0,0,0,0,0,0,0,0,0,0,0,0,0,0,0,0,0,0,0,0,0,0,0,0,1,0,0,0
"27",27,"1","6","2",19,1,1,1,1,2,2,1,2,2,1,1,1,1,2,2,2,2,1,1,2,0,0,0,0,0,0,0,0,0,0,0,0,0,0,0,0,0,1,0,0,0,0,3,0,0,0,1,0,1,0,0,0,0,0,0,0,0,0,0,0,0,0,0,0,0,0,0,0,0,0,0,0
"28",28,"1","5","1",23,4,3,2,2,1,1,1,1,1,2,2,4,2,3,3,4,2,3,4,2,2,0,0,1,2,2,1,1,0,0,1,0,1,2,0,0,0,1,0,0,2,0,1,0,0,0,2,1,0,2,0,0,0,1,0,0,0,0,1,1,0,0,0,0,0,1,1,0,0,0,0,3
"29",29,"1","5","2",18,1,4,5,3,5,5,1,2,5,2,1,1,4,5,5,3,5,5,1,2,3,0,0,0,1,1,2,1,1,2,0,0,2,2,0,0,0,0,1,0,2,1,0,1,0,0,0,0,0,0,0,0,0,0,0,0,0,0,0,0,0,0,0,0,0,1,0,0,0,0,0,0
"30",30,"1","5","1",18,2,3,3,3,1,1,1,1,1,1,3,2,1,3,1,1,1,1,1,1,1,1,1,1,1,1,1,1,1,1,1,1,1,0,0,1,1,1,1,0,0,0,1,2,0,0,0,0,0,0,0,0,1,0,0,0,0,0,0,1,1,0,0,0,0,3,0,0,1,0,3,0
"31",31,"1","5","2",21,3,1,3,2,2,1,2,2,1,1,1,1,2,3,3,2,1,1,1,1,1,2,1,2,0,0,2,1,1,0,1,0,2,0,0,1,1,1,1,1,1,1,0,0,0,0,3,0,1,1,0,1,3,1,1,0,0,0,1,2,0,0,0,0,1,2,0,2,2,1,1,1
"32",32,"1","2","1",21,2,1,1,1,3,2,1,1,1,3,3,3,2,3,2,2,1,1,2,2,1,1,0,0,0,0,0,0,0,0,0,0,1,1,1,3,1,1,2,1,2,1,3,0,0,1,1,0,1,0,0,0,0,0,0,0,0,0,0,0,0,0,0,0,0,1,0,0,1,2,1,1
"33",33,"1","5","1",19,3,2,2,1,1,2,1,1,1,1,1,3,1,3,3,2,2,2,1,4,2,2,0,0,1,1,1,2,2,1,1,0,1,1,0,1,0,1,1,0,0,0,0,0,1,0,2,0,0,0,0,0,1,0,1,0,0,0,0,1,0,0,0,0,0,2,0,0,1,0,1,1
"34",34,"1","5","1",23,2,1,2,1,1,1,1,1,1,2,2,1,2,2,2,3,1,2,2,2,2,1,1,1,1,1,1,1,1,1,1,1,1,1,0,0,0,0,1,0,1,1,0,0,0,0,1,0,0,1,0,0,0,0,0,0,0,0,1,1,0,0,1,0,0,1,0,0,0,0,0,1
"35",35,"1","6","1",19,3,3,2,2,4,2,1,1,2,1,2,3,1,5,5,3,2,2,1,3,1,1,0,0,2,1,2,1,0,0,1,0,3,1,0,0,0,0,0,2,0,2,3,3,2,0,3,0,3,1,0,0,1,0,0,1,3,0,1,2,0,1,0,0,0,3,2,1,0,0,3,1
"36",36,"1","5","1",20,3,2,2,2,1,1,1,1,1,1,1,1,1,2,2,1,1,1,1,1,2,2,1,1,1,1,1,1,1,0,0,2,1,3,0,1,1,1,2,0,1,0,1,2,0,0,1,1,0,1,0,0,0,1,1,0,0,0,1,1,0,0,0,0,0,0,0,0,2,0,1,1
"37",37,"1","5","2",20,1,1,1,1,1,1,1,1,1,1,1,1,1,1,1,1,1,1,1,1,0,0,0,0,0,0,0,0,0,0,0,0,0,0,0,0,0,0,0,0,0,0,2,0,0,0,0,0,0,0,0,0,0,0,0,0,0,0,0,0,0,0,0,0,0,0,0,0,0,0,0,0
"38",38,"1","5","1",19,2,2,2,2,3,3,3,3,1,2,2,2,1,2,3,2,1,1,1,1,0,0,0,0,0,0,0,0,0,2,2,0,1,1,0,0,0,2,0,0,0,0,0,1,0,0,1,0,0,0,0,0,0,0,0,0,0,0,0,0,0,0,0,0,0,0,0,0,0,0,1,0
"39",39,"1","5","1",18,1,1,1,1,2,2,1,1,1,1,1,2,1,1,2,2,2,1,1,2,0,0,0,0,0,0,0,0,0,0,0,0,2,1,0,1,0,0,1,0,0,0,0,0,0,0,0,0,0,1,0,0,0,0,2,0,0,0,0,0,0,0,0,0,0,3,0,0,1,0,0,1
"40",40,"1","5","1",19,2,4,4,5,4,3,4,4,3,4,3,3,3,3,3,2,1,2,1,1,1,1,1,1,0,0,1,1,1,2,0,0,2,1,0,1,0,1,1,0,0,0,1,1,0,1,2,0,0,0,0,0,1,0,0,0,0,0,1,1,0,0,0,0,0,1,0,0,0,0,1,3
"41",41,"1","5","1",19,4,3,3,3,4,4,3,4,3,1,3,4,2,4,4,4,4,4,4,4,3,3,2,2,2,2,3,3,2,2,2,3,3,2,0,3,2,3,3,1,2,1,0,1,0,1,0,0,1,2,3,0,2,0,0,0,0,1,2,2,0,0,1,2,2,1,0,1,3,1,1,2
"42",42,"1","5","1",18,3,2,3,2,3,3,1,1,1,1,1,1,1,3,3,4,2,2,1,2,0,0,0,0,0,0,0,0,0,0,0,0,2,0,0,1,0,1,1,2,0,0,1,1,0,0,2,0,0,0,1,0,2,0,1,0,0,0,0,0,0,0,2,0,0,1,1,0,1,0,2,0
"43",43,"1","5","1",18,3,2,2,1,2,2,1,1,1,3,1,2,1,2,2,2,1,1,1,1,2,2,2,2,2,2,2,2,2,2,1,0,3,3,0,1,1,1,1,1,1,0,1,0,0,0,1,1,1,0,0,0,1,0,2,0,1,0,1,1,0,0,1,0,0,0,0,0,2,2,1,1
"44",44,"1","5","1",18,1,1,1,2,1,1,1,1,1,1,1,1,1,1,1,1,1,1,1,1,1,0,0,2,0,0,1,2,2,0,0,0,3,2,0,2,3,2,1,2,0,0,2,0,0,0,3,0,0,0,0,0,0,0,0,1,0,0,0,0,0,0,0,0,0,3,0,0,1,0,1,0
"45",45,"1","5","2",19,3,1,3,2,3,3,1,1,1,1,1,3,1,4,4,5,1,1,1,1,0,2,0,0,0,0,0,3,0,0,0,0,1,2,2,1,0,1,1,0,0,0,0,1,0,0,3,0,0,0,0,0,0,0,0,0,2,0,0,1,0,0,0,0,0,0,0,0,1,1,1,0
"46",46,"1","5","2",18,2,3,5,3,4,5,3,1,2,1,1,3,1,4,4,4,3,4,2,2.6366725648979,2,2,2,2,0,0,2,0,2,2,3,1,2,1,3,1,2,3,2,1,2,0,2,0,1,0,0,0,1,2,2,0,1,2,2,0,0,0,0,1,2,0,3,2,0,0,2,1,0,2,3,0
"47",47,"1","6","1",18,5,5,5,5,4,4,3,4,3,2,4,5,4,5,5,5,4,4,3,5,2,2,2,1,3,0,2,2,1,1,3,1,3,1,2,2,1,3,3,1,1,3,3,0,1,0,3,3,1,2,3,0,2,1,0,0,3,0,1,1,1,1,1,0,0,1,1,0,2,1,1,0
"48",48,"1","5","1",22,5,5,5,5,4,4,4,4,4,3,2,4,2,5,5,4,4,4,3,1,2,1,1,2,2,2,2,1,2,3,3,1,2,2,0,0,1,1,1,1,0,0,2,2,1,0,2,1,0,0,0,0,3,1,0,0,0,3,1,1,0,0,1,0,2,3,0,0,0,0,3,1
"49",49,"1","5","1",19,4,2,2,2,3,3,3,3,3,3,3,3,2,3,3,2,1,1,1,1,2,1,2,2,1,1,2,2,2,2,2,1,2,0,0,1,0,0,1,0,0,0,3,0,0,0,3,0,0,2,0,0,0,0,0,0,0,0,1,1,1,0,0,1,0,0,0,0,0,0,0,0
"50",50,"1","2","1",19,2,1,1,1,1,2,1,1,1,2,2,1,2,1,1,2,1,2,2,1,0,0,0,0,0,0,0,0,0,0,0,0,1,0,0,0,0,0,0,0,0,0,1,0,0,0,0,0,0,0,0,0,0,0,0,0,0,0,0,0,0,0,0,0,0,1,0,0,0,1,1,0
"51",51,"1","5","1",20,3,4,4,4,5,4,1,2,5,3,3,2,2,3,3,4,4,2,4,4,2,3,1,2,3,2,1,1,1,0,1,0,2,3,1,2,3,3,3,2,1,1,2,3,3,0,2,0,1,3,0,0,2,0,0,0,0,0,0,1,1,0,1,0,0,0,1,0,3,1,3,2
"52",52,"1","5","2",20,2,1,1,1,1,1,1,1,1,1,1,2,1,3,3,1,1,1,1,2,1,0,0,0,0,0,1,1,1,1,1,0,0,0,0,0,0,0,0,0,1,0,1,1,0,0,2,0,0,0,0,0,0,0,0,0,0,0,0,0,0,0,0,0,0,0,0,0,0,0,1,0
"53",53,"1","2","1",22,1,1,1,1,1,1,1,1,1,1,1,1,1,1,1,1,1,1,1,1,0,0,0,0,0,0,0,0,0,0,0,0,1,1,0,1,0,0,1,1,0,0,1,2,0,0,1,0,0,0,1,0,1,0,0,0,0,0,0,0,0,0,0,0,1,1,0,0,1,0,1,0
"54",54,"1","5","1",19,5,5,5,5,2,2,2,1,1,2,3,5,2,5,5,4,5,5,3,5,3,1,2,2,3,2,3,2,2,1,2,1,1,2,1,3,1,3,3,0,0,1,0,2,1,1,1,0,0,0,0,0,1,0,1,0,0,0,3,3,1,0,1,0,0,1,0,0,2,1,1,0
"55",55,"1","5","1",19,2,3,3,3,2,1,1,1,1,1,2,3,1,3,3,1,1,2,2,2,2,0,0,0,0,0,1,1,0,0,0,0,1,1,1,1,0,1,0,1,0,0,1,0,1,1,3,1,0,0,0,0,1,0,2,1,0,0,0,0,0,0,0,0,2,1,0,0,0,1,1,1
"56",56,"1","2","1",18,3,1,1,1,3,2,1,1,2,1,1,3,1,3,3,4,2,2,1,2,1,0,0,0,0,0,0,0,0,0.360638475174033,0,0,1,3,0,2,1,2,2,0,0,0,1,1,0,1,0,0,0,0,0,0,3,0,3,0,0,0,0,0,0,0,1,0,1,3,0,0,2,0,0,0
"57",57,"1","2","2",20,4,4,3,2,5,5,4,4,5,2,3,2,3,4,4,4,2,3,4,4,2,1,1,1,2,2,1,2,1,1,1,1,1,2,0,1,0,2,1,0,1,1,1,2,0,0,3,0,0,0,0,0,1,0,1,0,0,0,0,0,0,0,0,0,0,1,0,1,2,3,1,1
"58",58,"1","6","1",21,3,1,1,1,1,1,1,1,1,1,1,4,1,4,4,3,2,2,3,1,2,2,2,2,2,2,2,2,2,2,2,2,2,0,0,1,0,0,1,0,1,1,0,0,1,0,1,0,2,0,0,0,0,0,0,0,0,0,0,0,0,0,1,0,0,2,0,2,2,0,1,2
"59",59,"1","5","1",22,3,3,3,4,5,5,2,1,3,3,3,2,2,2,4,3,3,4,4,3,2,1,0,1,2,2,1,2,2,2,2,0,2,1,1,2,1,3,3,1,1,2,3,3,1,0,3,0,1,2,2,0,3,0,1,0,1,1,2,2,0,0,0,0,1,2,2,0,2,1,2,0
"60",60,"1","5","1",19,3,1,1,1,2,2,2,3,2,1,1,2,1,2,2,2,1,2,4,2,2,2,1,1,3,3,3,3,3,2,2,2,2,0,0,1,2,3,3,1,0,0,1,3,1,1,2,0,0,1,0,0,1,0,0,0,0,2,1,1,0,0,0,0,0,2,0,0,3,3,3,1
"61",61,"1","6","2",23,4,4,5,5,5,5,3,4,5,1,2,1,2,4,3,4,5,2,3,4,2,2,1,1,2,2,1,2,1,2,2,0,1,2,1,2,1,3,1,0,0,3,3,3,1,0,3,0,2,1,0,0,2,0,0,0,1,1,1,3,0,0,1,1,0,3,1,0,2,2,3,0
"62",62,"1","5","1",18,3,2,2,2,3,3,1,1,2,1,1,3,1,3,3,3,3,3,3,3,2,1,1,1,1,1,0,2,1,1,1,1,2,0,0,2,0,1,1,1,1,0,3,1,1,0,2,0,1,0,0,0,0,0,2,0,0,0,0,0,0,0,0,0,0,3,0,1,2,0,1,0
"63",63,"1","5","2",21,3,3,3,3,3,3,2,2,3,3,3,4,3,4,4,4,3,3,2,3,2,0,0,0,1,0,0,1,0,0,0,0,1,0,0,1,0,0,0,0,1,0,2,0,0,0,1,0,0,0,0,0,1,0,0,0,0,0,0,0,0,0,0,0,0,0,0,0,0,0,0,1
"64",64,"1","5","1",22,3,4,4,4,4,3,1,1,2,2,1,3,2,3,3,4,1,1,1,1,3,3,3,3,3,3,3,3,3,3,3,3,0,3,0,1,1,1,1,0,1,0,1,3,0,0,3,0,0,0,2,0,3,0,0,0,0,0,2,1,0,0,0,3,3,2,0,0,2,2,3,3
"65",66,"1","5","1",18,5,5,5,5,5,5,3,3,2,3,5,5,3,5,5,5,5,5,5,5,2,2,1,1,1,1,2,2,2,2,2,1,3,3,0,1,0,1,2,0,1,0,3,3,1,1,3,0,0,0,0,0,2,0,3,0,2,0,1,0,0,0,0,1,0,2,0,3,1,2,3,0
"66",67,"1","5","1",20,3,3,3,2,1,1,1,1,1,1,1,2,1,3,3,2,1,2,1,3,1,1,1,1,1,2,1,2,2,2,1,1,1,2,0,2,0,2,1,0,1,0,1,1,1,1,2,0,1,1,0,0,2,0,0,0,0,0,0,2,0,0,1,0,0,1,1,0,2,0,1,1
"67",68,"1","5","3",23,3,5,5,5,4,4,2,1,4,4,4,3,4,4,4,5,4,5,5,4,2,2,2,2,2,2,2,2,2,2,2,2,0,2,0,0,2,3,1,0,2,1,2,0,0,2,2,1,0,2,0,1,2,3,1,0,1,0,1,1,1,0,0,1,1,1,0,1,1,3,2,3
"68",69,"1","5","1",20,4,4,4,4,5,5,4,5,3,3,5,4,3,4,4,4,2,3,2,2,2,2,1,2,2,2,3,3,3,2,2,1,3,1,1,1,1,1,0,0,0,0,0,0,0,0,3,0,0,0,0,0,1,0,0,0,0,0,0,1,0,0,0,0,0,3,0,0,1,0,1,0
"69",70,"1","5","1",19,1,1,1,1,1,1,1,1,1,1,1,1,1,1,1,1,1,1,1,1,0,0,0,0,0,0,0,0,0,0,0,0,1,0,0,0,0,0,1,1,0,0,0,1,0,0,1,0,0,0,0,0,0,0,0,0,0,0,0,0,0,0,0,0,0,1,0,0,0,0,0,0
"70",71,"1","5","1",18,2,2,2,1,1,1,1,1,1,1,1,2,1,2,2,1,1,2,1,1,1,0,0,0,0,0,0,0,0,0,0,0,1,0,0,0,0,2,0,1,2,0,1,0,0,1,3,0,0,0,0,0,0,0,1,0,1,0,1,1,0,0,0,1,0,2,0,0,0,0,0,0
"71",72,"1","5","1",18,4,3,2,2,2,2,2,2,1,4,4,3,4,4,4,2,2,2,3,2,2,0,0,0,1,0,1,1,1,0,0,0,2,0,0,1,0,1,1,0,1,0,0,0,0,0,2,0,0,0,0,0,2,0,0,0,0,0,0,0,0,0,0,0,0,1,0,0,2,0,2,0
"72",73,"1","6","1",22,4,4,1,3,2,1,1,1,1,1,2,3,2,4,4,5,3,3,3,2,2,2,0,0,2,2,2,3,2,3,3,0,2,1,1,1,1,2,1,0,0,0,2,2,0,0,3,0,0,0,0,0,1,0,1,0,0,0,0,0,0,0,0,0,0,0,0,0,1,0,2,1
"73",74,"1","2","1",19,3,2,2,1,3,2,2,2,2,2,3,2,2,2,3,2,1,1,3,2,2,2,2,2,1,2,2,1,1,1,2,2,3,1,0,2,2,2,2,2,0,1,1,2,2,1,0,0,2,0,0,0,2,0,1,0,1,0,2,2,0,0,2,0,0,1,0,0,2,3,3,1
"74",75,"1","2","1",20,3,1,1,1,2,1,1,1,1,1,2,3,1,3,1,1,2,2,1,2,1,1,1,1,1,2,0,1,1,1,0,0,1,0,0,1,1,3,1,1,0,0,3,0,0,0,0,0,0,0,0,0,0,0,1,1,2,0,0,1,0,0,1,0,0,1,0,0,1,2,0,0
"75",76,"1","5","2",23,1,4,3,2,2,2,1,1,1,1,1,1,1,3,3,3,1,2,2,1,1,1,1,1,1,1,1,1,1,1,2,1,1,1,2,1,1,0,1,0,2,1,2,1,0,0,1,0,0,1,0,0,1,0,0,0,0,0,1,0,1,0,1,0,0,0,1,1,1,1,1,1
"76",77,"1","4","1",18,3,1,2,1,1,1,1,1,1,1,3,2,1,3,3,2,1,2,1,1,1,0,0,0,1,0,0,0,0,0,0,0,3,2,0,0,3,1,0,0,0,1,3,0,0,2,1,0,0,1,0,0,3,0,1,0,0,0,0,1,0,0,0,0,0,0,0,0,1,1,0,0
"77",78,"1","5","2",19,5,5,5,3,2,2,2,2,2,3,4,5,5,5,5,5,3,5,3,5,2,0,0,0,1,1,1,0,0,0,0,0,3,2,0,1,0,2,1,0,0,0,0,3,1,0,3,0,0,1,0,0,1,0,1,0,0,0,1,2,0,0,2,0,0,3,1,0,0,1,2,0
"78",79,"1","6","1",19,5,3,3,3,1,1,1,1,1,1,2,4,1,5,5,5,3,4,2,1,0,0,0,0,0,0,0,0,0,0,0,0,0,0,1,0,0,0,1,0,0,0,3,0,0,0,2,0,0,0,0,0,2,0,0,0,0,0,0,0,0,0,0,0,0,2,0,0,0,0,0,0
"79",80,"1","5","2",20,1,1,1,1,2,2,1,1,3,1,4,1,2,4,4,4,4,2,4,3,2,1,0,0,0,0,1,1,0,1,1,3,2,0,0,2,1,2,1,1,1,0,0,1,0,0,2,0,0,2,0,0,0,0,0,0,0,2,0,0,0,0,0,0,0,2,0,0,1,2,1,0
"80",81,"1","2","1",23,2,2,1,1,2,1,2,1,3,1,2,4,1,3,2,1,1,2,2,1,2,2,1,1,0,0,1,1,2,1,1,0,1,0,0,0,0,1,0,0,0,0,0,1,0,0,1,0,1,0,0,0,0,0,0,0,0,0,0,0,1,0,0,0,1,1,0,0,0,1,1,0
"81",82,"1","5","1",18,3,2,2,2,1,1,1,1,1,2,2,2,2,2,3,3,1,2,2,1,2,0,0,0,0,0,0,1,1,0,0,0,1,0,0,2,0,2,1,0,1,0,0,1,0,1,2,0,0,1,0,0,0,0,0,0,0,0,1,0,0,0,0,0,0,1,0,0,3,0,1,0
"82",83,"1","2","2",23,3,5,5,3,1,1,1,1,1,1,1,4,1,3,4,3,1,3,3,1,0,0,0,0,0,0,0,0,0,0,0,0,0,0,0,0,0,0,0,0,0,0,3,3,0,0,3,0,0,0,0,0,0,0,1,0,0,0,0,0,0,0,0,0,0,0,0,0,0,0,0,0
"83",84,"1","5","1",18,1,3,2,1,1,1,1,1,1,1,1,1,1,1,1,1,1,1,1,1,0,0,0,0,0,0,0,0,0,0,0,0,3,3,1,3,3,3,3,3,1,3,3,3,3,0,3,0,3,3,3,0,3,0,3,0,3,0,3,3,0,0,3,3,3,3,0,1,3,3,3,2
"84",85,"1","5","1",19,2,2,2,2,1,1,1,1,1,1,1,1,1,2,2,1,1,1,1,1,2,2,0,0,1,1,2,2,2,2,2,0,1,0,2,0,0,1,1,0,2,1,0,1,0,0,3,2,1,0,1,0,0,0,0,0,0,0,2,1,0,0,1,0,0,3,0,0,0,0,0,0
"85",86,"1","3","1",19,4,5,5,5,3,3,1,1,3,4,4,4,4,4,4,4,3,2,2,2,2,3,0,1,2,2,2,3,3,3,3,0,3,1,3,0,1,3,3,1,2,1,3,3,0,0,1,0,0,1,0,0.366928827603913,3,0,3,0,1,3,0,1,0,0,0,1,1,2,0,0,1,3,3,1
"86",87,"1","5","1",18,2,3,3,4,1,1,1,1,1,1,2,2,1,2,2,1,1,1,3,2,2,2,2,3,0,0,2,2,2,3,2,0,2,0,0,1,0,3,0,1,2,0,1,0,0,3,2,0,2,2,0,0,1,0,1,0,1,2,1,1,2,0,0,1,0,0,0,0,2,2,1,3
"87",88,"1","5","2",20,1,1,1,1,1,1,1,1,1,1,1,1,1,1,1,1,1,1,1,1,0,0,0,0,0,0,0,0,0,0,0,0,0,0,3,0,0,2,0,0,0,2,3,0,0,0,2,0,0,3,0,0,2,0,0,0,0,0,0,0,0,0,0,0,0,1,0,0,0,0,1,0
"88",89,"1","2","1",19,1,1,1,1,2,2,2,2,1,1,1,1,1,1,1,1,1,1,1,1,0,0,0,0,0,0,0,0,0,0,0,0,0,0,0,0,0,1,1,0,0,0,0,0,0,0,0,0,0,0,0,0,0,0,2,0,0,0,0,0,0,0,0,0,0,0,0,0,1,0,2,0
"89",90,"1","5","2",22,1,2,2,2,3,2,2,2,3,2,2,1,3,3,3,4,2,2,3,2,2,2,2,2,2,1,1,2,1,2,2,1,2,2,0,2,2,2,2,0,1,0,0,1,0,0,1,0,2,2,0,0,2,0,0,0,0,0,1,2,1,0,1,0,0,0,0,0,2,0,2,1
"90",91,"1","5","1",21,4,1,1,1,3,3,3,2,1,1,1,3,1,4,4,4,1,1,1,1,1,0,0,0,0,0,0,0,0,0,0,0,3,1,0,0,3,3,0,3,0,0,3,2,0,0,3,0,0,0,0,0,0,0,0,0,0,0,0,0,0,0,0,0,0,3,0,0,0,0,2,3
"91",92,"1","6","1",18,3,1,1,1,2,2,1,1,1,1,1,1,1,3,4,3,1,1,2,1,0,0,0,0,0,0,0,0,0,0,0,0,0,0,0,0,0,0,0,0,0,0,1,0,0,0,0,0,0,0,0,0,0,0,0,0,0,0,0,0,0,0,0,0,0,0,0,0,0,0,0,0
"92",93,"1","2","1",19,2,3,2,2,3,3,1,2,2,3,3,3,3,2,3,3,2,2,1,2,2,2,2,2,2,2,1,1,1,1,1,2,2,2,3,3,2,3,3,1,1,0,0,1,1,1,3,0,3,2,3,0,3,0,2,1,2,0,3,3,0,0,3,2,2,2,3,0,3,3,2,0
"93",94,"1","6","1",19,3,2,2,2,4,3,2,2,3,2,5,4,3,4,5,1,1,1,2,1,1,2,1,1,1,2,1,2,2,2,2,1,1,1,0,2,1,1,1,0,0,2,1,2,0,1,2,0,0,2,0,0,1,0,0,0,1,1,1,2,0,0,1,1,0,3,0,0,1,0,1,0
"94",95,"1","2","1",19,4,3,3,2,2,2,1,1,2,2,1,4,1,4,4,2,1,1,3,2,2,2,2,2,1,1,1,1,2,2,2,0,1,1,0,1,0,3,1,1,0,0,2,2,0,0,2,0,0,0,0,0,2,0,0,0,0,0,1,1,1,0,0,0,0,0,0,0,1,0,1,0
"95",96,"1","5","1",20,1,3,2,3,4,4,4,4,3,2,3,1,1,4,4,3,3,1,2,2,0,0,0,0,0,0,0,0,0,0,0,0,3,0,0,0,0,3,0,0,0,0,0,0,0,1,2,0,0,0,0,0,2,0,0,0,0,0,0,0,0,0,0,0,0,3,0,1,0,0,3,0
"96",97,"1","5","1",19,4,4,3,2,2,1,2,1,2,2,1,4,1,4,4,4,3,2,3,3,1,0,0,0,0,0,0,0,0,0,0,0,3,3,0,2,0,1,2,0,2,0,0,2,0,0,2,0,0,0,0,0,2,0,0,0,0,0,0,1,1,0,1,0,0,2,0,0,1,0,2,2
"97",98,"1","5","1",21,4,1,1,1,2,2,1,2,3,2,1,3,1,4,4,3,3,2,2,2,3,1,1,1,2,1,1,1,1,1,1,1,1,1,0,1,1,1,1,1,0,0,1,1,0,1,0,0,0,1,1,0,0,0,0,0,1,0,2,1,2,0,2,0,0,2,1,0,1,2,1,0
"98",99,"1","2","1",20,3,2,1,2,2,2,2,2,2,2,2,3,2,3,3,3,3,3,3,3,2,1,1,1,2,2,2,1,1,1,1,1,1,3,0,3,2,2,1,1,1,0,1,3,0,0,0,0,0,0,1,0,2,0,2,0,1,0,0,1,2,0,1,0,0,0,0,0,1,0,1,2
"99",100,"1","5","1",19,2,2,2,2,2,2,2,2,1,2,2,3,2,3,3,2,1,1,1,1,0,0,0,0,1,0,0,0,0,0,0,0,1,0,0,0,1,1,0,0,0,0,1,0,0,0,2,0,0,0,0,0,1,0,0,0,0,0,0,0,0,0,0,0,0,0,0,0,0,0,1,0
"100",101,"1","5","1",19,1,2,2,2,1,1,1,1,1,1,1,1,1,1,1,1,1,1,1,1,0,0,0,0,0,0,0,0,0,0,0,0,1,0,0,1,1,3,3,1,0,0,1,1,2,0,1,0,1,1,0,0,1,0,0,0,2,0,0,1,0,0,1,0,0,0,0,0,1,3,1,0
"101",102,"1","2","2",20,3,4,3,3,4,4,3,4,4,3,3,3,2,3,3,2,3,3,4,3,1,1,2,1,2,2,2,1,1,2,1,1,0,0,0,0,0,0,0,0,0,0,0,0,0,0,0,0,0,0,0,0,0,0,0,0,0,0,0,0,0,0,0,0,0,0,0,0,0,0,0,0
"102",103,"1","6","2",18,5,2,1,1,5,5,1,1,2,1,1,5,1,4,5,5,2,1,1,1,2,0,0,0,0,0,0,1,1,0,0,2,0,0,0,0,0.786012763660856,3,0,0,0,0,3,0,0,0,3,0,0,0,0,0,0,0,0,0.0531882916358969,0,0,0,0,0,0,0,0,0,0,0,0,0,0,0,0
"103",104,"1","2","1",19,3,1,2,1,2,2,1,1,2,3,2,4,1,3,3,3,1,1,1,1,0,0,0,0,1,0,0,0,0,0,0,0,0,0,0,0,0,1,1,0,0,0,0,0,0,0,3,0,0,1,0,0,0,0,0,0,0,0,0,0,0,0,0,0,0,0,0,0,0,0,0,0
"104",105,"1","3","1",19,3,3,1,1,1,1,1,1,1,1,1,3,1,2,2,3,1,2,4,1,2,1,0,0,2,2,2,1,1,2,1,0,1,0,0,0,0,1,0,0,1,1,1,0,0,0,0,0,0,2,0,0,0,0,0,0,0,0,1,0,0,1,1,1,0,1,0,0,0,0,0,0
"105",106,"1","5","1",19,4,5,5,4,3,4,4,4,3,4,4,4,3,4,4,4,3,3,3,2,2,3,3,3,3,3,3,3,3,3,3,3,2,3,0,2,1,3,3,3,0,1,1,2,2,2,3,0,1,2,2,0,3,0,3,1,2,1,1,3,2,0,1,0,3,3,0,1,2,2,2,3
"106",107,"1","5","2",18,5,4,2,4,3,2,2,2,1,1,1,5,1,5,5,1,1,1,1,1,0,0,0,0,0,0,0,0,0,0,0,0,1,0,0,0,0,0,0,0,0,0,0,0,0,0,0,0,0,0,0,0,0,0,0,0,0,0,0,0,0,0,0,0,0,1,0,0,0,0,0,0
"107",108,"1","5","2",23,2,2,2,3,2,2,1,2,1,1,2,2,2,3,3,3,3,4,4,2,1,1,1,1,1,1,1,1,1,2,1,1,1,0,0,1,1,0,1,0,1,2,0,3,0,0,2,1,1,1,0,0,2,0,0,0,1,0,1,0,0,0,0,0,0,1,0,1,1,0,2,1
"108",109,"1","2","1",22,3,1,1,1,3,3,3,3,3,1,1,3,1,3,3,3,1,3,1,1,0,0,0,0,0,0,0,0,0,0,0,0,1,0,0,1,1,1,1,0,0,0,1,1,0,0,3,0,0,1,1,0,0,0,0,0,1,0,2,2,0,0,2,0,0,0,0,0,1,1,0,1
"109",110,"1","5","1",20,2,2,3,1,3,2,1,1,2,1,2,1,2,3,3,1,1,1,1,1,3,3,3,3,3,3,3,3,3,3,3,3,3,3,0,1,2,3,3,1,3,0,3,1,3,1,0,0,0,3,3,0,2,1,0,1,3,2,3,3,3,0,2,2,1,0,2,0,1,0,0,0
"110",111,"1","6","2",20,1,1,1,1,1,1,1,1,1,1,1,1,1,2,3,3,1,1,1,3,0,1,0,0,0,0,0,0,0,0,0,3,1,0,0,0,0,2,1,0,2,0,3,1,0,0,3,0,0,0,0,0,0,0,0,0,0,0,0,0,0,0,0,0,0,2,0,0,0,0,1,0
"111",112,"1","5","1",18,5,5,5,5,5,5,3,3,3,3,3,5,3,5,5,5,5,5,5,5,2,2,1,1,1,1,2,2,2,2,1,1,3,0,0,0,0,0,0,0,0,0,3,3,0,1,3,0,0,0,0,0,2,0,2,0,0,0,2,0,0,0,0,0,0,0,0,0,0,0,3,0
"112",113,"1","5","1",18,4,2,2,2,3,3,3,3,3,3,3,3,3,3,3,2,1,1,2,1,1,0,2,2,0,1,2,1,1,0,0,0,1,0,0,1,0,1,0,0,0,0,1,0,0,0,2,0,0,0,0,0,1,0,0,0,0,0,0,1,0,0,0,0,0,0,0,0,1,0,1,0
"113",114,"1","5","1",18,3,3,3,3,2,2,2,2,2,1,1,3,1,3,3,2,1,1,2,1,1,1,1,1,1,1,1,1,1,1,1,1,2,2,0,1,0,2,2,0,0,1,1,1,0,0,2,0,0,1,0,0,1,0,0,0,0,0,0,1,2,0,0,0,0,0,0,0,1,2,1.85630549610159,3
"114",115,"1","5","1",20,3,2,2,2,2,2,1,1,2,1,1,3,1,3,4,2,3,3,2,2,1,0,0,0,0,0,0,1,0,2,0,0,1,0,0,1,0,1,0,0,0,0,0,0,0,0,2,1,0,0,0,0,1,0,0,0,0,0,0,0,0,0,0,0,0,0,0,0,0,0,1,0
"115",116,"1","5","2",18,3,5,5,5,2,1,1,1,1,1,2,3,2,3,3,1,1,1,1,1,0,0,0,0,0,0,0,0,0,0,0,0,3,3,3,3,3,3,3,0,3,0,0,3,0,0,3,0,0,1,1,0,2,0,0,2,0,0,3,3,0,0,3,0,0,3,0,0,3,3,3,0
"116",117,"1","5","2",22,4,5,4,4,3,1,1,1,3,1,5,4,5,4,4,4,4,3,3,4,2,1,2,1,2,3,2,2,1,1,2,2,3,0,1,0,1,2,1,1,0,1,3,1,0,0,3,1,1,1,0,1,0,1,0,0,1,0,0,1,0,1,1,1,3,1,0,0,0,0,0,0
"117",118,"1","6","1",22,3,2,2,4,2,2,3,3,1,3,5,3,3,3,2,3,4,2,2,3,1,2,1,1,0,2,2,1,1,1,1,0,3,3,1,3,3,3,3,3,2,2,1,3,1,0,3,2,1,0,0,0,3,1,0,1,0,1,0,2,0,1,1,0,2,3,0,2,2,1,3,1
"118",119,"1","5","1",22,5,5,5,5,2,2,2,2,2,3,3,5,3,5,5,5,5,5,5,5,0,0,0,0,2,2,0,0,0,0,0,0,3,3,0,0,0,0,0,0,0,0,0,3,0,0,0,0,0,0,0,0,0,0,0,0,0,0,0,0,0,0,0,0,3,2,0,0,0,0,1,0
"119",120,"1","5","1",20,2,3,3,3,2,2,1,2,1,1,3,2,2,2,2,1,1,1,1,1,0,0,0,0,0,0,0,0,0,0,0,0,2,1,0,2,2,2,2,0,0,1,3,3,1,0,1,0,0,1,0,0,2,0,2,0,0,0,0,0,0,0,0,0,0,2,0,0,1,0,2,0
"120",121,"1","5","2",23,4,5,5,5,4,5,1,3,1,4,4,4,4,4,4,5,5,5,5,1,1,0,2,2,2,2,2,2,2,1,1,0,1,2,0,2,2,1,2,0,2,3,0,1,0,1,1,0,1,1,1,0,0,2,0,0,0,0,2,2,0,1,2,0,0,1,0,1,2,0,1,2
"121",122,"1","4","1",19,1,1,2,1,1,1,1,1,1,1,1,4,1,1,3,4,1,1,1,1,0,0,0,0,1,0,1,1,2,0,0,1,0,0,0,0,0,2,2,0,2,1,1,0,0,0,1,3,0,0,0,0,0,0,0,0,0,0,0,0,0,0,0,0,0,0,0,0,0,0,2,1
"122",123,"1","5","1",19,2,2,3,1,1,1,1,1,2,1,1,2,1,3,3,2,2,2,2,4,2,1,1,1,0,0,1,1,1,1,1,1,3,1,0,2,1,2,1,1,3,1,1,1,1,1,1,0,0,1,0,0,0,0,0,0,0,0,0,1,1,0,0,0,0,2,0,0,1,0,1,0
"123",124,"1","5","1",20,4,4,5,2,3,3,2,2,3,4,4,5,3,4,4,3,2,2,3,2,2,0,0,0,0,0,1,1,1,1,0,0,0,1,0,2,0,1,2,0,0,1,0,2,0,0,2,0,0,1,0,0,0,0,1,0,1,0,0,0,0,0,0,0,0,0,0,0,1,0,2,0
"124",125,"1","5","1",20,2,1,2,1,4,4,4,3,2,1,1,3,1,3,3,2,1,1,2,1,1,0,0,0,1,1.01733533280775,0,3,0,0,0,0,0,0,0,0,0,0,0,0,0,1,0,0,0,0,0,0,0,0,0,0,0,0,0,0,0,0,0,0,0,0,0,0,0,0,0,0,0,0,0,0
"125",126,"1","2","1",21,4,2,1,1,3,3,4,1,2,2,1,3,1,3,3,1,1,1,1,2,0,2,0,0,0,0,0,1,0,1,1,0,0,0,0,0,0,1,0,0,0,1,3,0,1,0,0,0,0,0,0,0,0,0,0,0,0,0,0,0,0,0,0,0,0,0,0,0,0,0,0,0
"126",127,"1","5","1",20,4,2,2,2,4,3,2,2,2,1,1,3,1,3,2,2,1,4,3,3,2,1,1,1,1,1,1,2,1,2,2,2,2,2,0,3,0,1,1,1,2,0,0,0,0,0,3,0,0,1,0,0,0,0,0,0,0,0,0,1,0,0,0,0,0,2,0,0,2,1,0,2
"127",128,"1","5","1",19,2,1,1,1,1,1,1,1,1,1,1,2,1,3,3,1,1,1,1,1,1,2,1,1,1,1,1,1,1,1,1,2,2,0,0,1,0,1,0,0,0,0,0,0,0,0,2,0,0,0,0,0,0,0,0,0,0,0,0,0,0,0,0,0,0,1,0,0,0,1,2,0
"128",129,"1","5","2",18,4,2,3,3,3,2,4,3,2,1,2,3,1,2,3,3,3,3,3,3,1,0,0,0,2,2,1,1,1,0,0,0,2,0,0,0,0,0,0,0,1,0,0,0,0,0,0,0,0,0,0,0,0,0,0,0,0,0,0,0,0,0,0,0,0,0,0,0,0,0,0,0
"129",130,"1","5","1",18,2,2,2,1,1,1,1,1,1,1,2,2,1,2,3,1,1,2,2,1,0,0,0,0,0,0,0,0,0,0,0,0,3,0,0,1,1,1,1,1,0,0,0,1,0,1,1,0,1,0,0,0,0,0,0,0,0,0,0,0,0,0,0,0,0,3,0,0,1,0,0,1
"130",131,"1","5","2",21,1,1,1,1,1,1,1,1,1,1,1,1,1,5,5,5,5,1,2,3,0,0,0,0,0,0,0,0,0,0,0,0,1,1,0,0,0,1,1,0,1,0,3,0,0,0,0,0,0,0,0,0,0,0,0,0,0,0,0,0,0,0,0,0,0,0,0,0,0,0,0,0
"131",132,"1","5","1",18,5,3,3,2,1,1,1,1,1,2,3,5,2,5,5,1,1,1,1,1,0,1,0,0,0,0,0,1,0,0,1,0,3,2,0,3,0,3,3,1,2,3,1,1,3,0,1,0,2,2,2,0,0,0,3,1,1,1,1,1,1,0,2,1,0,1,0,0,3,2,2,1
"132",133,"1","4","1",18,2,3,3,2,1,1,1,1,1,1,1,1,1,2,2,3,3,3,3,3,1,2,1,1,1,1,2,1.01855153328014,1,1,1,1,1,0,0,1,1,1,1,0,0,0,3,1,0,0,1,0,0,0,0,0,1,0,0,0,0,0,0,0,0,0,0,0,0,0,0,0,0,1,0,0
"133",134,"1","5","1",18,2,3,3,3,2,2,2,2,2,1,1,2,2,2,2,2,2,2,2,1,2,2,2,2,1,0,2,2,2,2,2,2,2,2,0,1,2,0,1,2,0,0,2,3,0,0,3,0,1,1,0,0,3,0,2,0,3,0,1,1,0,0,1,0,1,3,0,0,1,1,3,1
"134",135,"1","5","1",18,5,4,4,4,3,2,2,2,1,1,3,5,1,5,5,2,1,1,1,1,0,0,0,0,0,0,0,0,0,0,0,0,3,0,0,0,0,2,0,3,0,0,3,3,0,0.695044285049374,2,0,0,0,0,0,1,0,0,0,0,0,0,0,0,0,0,0,0,0,0,0,0,0,0,0
"135",136,"1","5","1",20,2,2,2,2,2,2,1,1,2,1,3,2,1,1,3,3,1,2,3,3,0,0,0,0,0,0,0,0,0,0,0,0,3,2,0,0,0,1,0,1,0,0,1,1,0,0,2,0,0,2,0,0,1,0,0,0,1,0,0,0,0,0,0,0,0,3,0,0,0,1,2,0
"136",137,"1","5","2",18,3,4,2,1,1,1,1,1,1,1,2,3,1,3,3,1,1,1,3,1,1,0,0,0,0,1,0,0,1,0,0,0,2,0,1,2,0,3,2,1,2,1,2,0,1,0,2,1,1,0,0,1,1,0,0,0,1,0,1,0,1,0,1,0,1,0,1,0,2,1,1,0
"137",138,"1","2","1",20,4,3,4,5,3,3,3,3,2,2,3,4,1,3,3,2,2,3,3,3,2,3,2,2,1,1,2,1,2,2,1,0,2,2,1,2,2,2,2,1,2,1,1,3,1,3,3,0,1,2,2,0,2,0,0,0,1,0,2,1,2,0,2,1,0,1,1,0,2,3,2,1
"138",139,"1","5","1",23,4,1,1,1,1,1,3,3,1,4,4,4,4,4,4,3,1,1,2,2,2,0,0,0,2,2,0,1,1,1,2,0,0,0,0,1,1,1,0,0,0,0,1,1,0,0,1,0,0,0,0,0,1,0,0,0,1,0,1,0,0,0,0,0,0,0,0,0,1,0,1,0
"139",140,"1","5","1",18,3,4,3,2,2,2,1,1,2,1,2,3,1,2,3,4,3,3,2,5,1,1,0,1,0,0,1,0,0,0,0,0,2,2,0,2,1,2,2,1,0,1,0,0,1,0,1,0,0,0,1,0,1,0,1,0,0,0,1,2,0,0,1,0,1,1,1,0,3,2,1,0
"140",141,"1","5","1",18,3,3,3,3,1,1,2,1,1,2,3,3,3,3,3,4,2,3,3,2,1,0,0,2,1,2,0,1,1,1,2,0,3,2,0,2,1,3,3,1,1,1,0,2,2,1,2,1,0,1,1,0,2,2,0,0,1,0,1,1,2,0,2,2,1,2,0,2,2,1,3,2
"141",142,"1","1","1",18,4,5,5,5,3,3,2,1,1,1,5,4,2,4,4,5,4,5,1,2,1,0,0,0,1,0,0,0,0,0,0,0,3,1,3,3,3,3,3,3,0,1,0,3,3,3,3,0,0,3,0,0,1,0,2,0,0,0,0,1,0,0,2,0,2,1,1,1,3,3,1,0
"142",143,"1","5","1",18,1,1,1,2,2,2,1,1,1,1,2,1,1,1,1,2,2,2,2,2,0,0,0,0,0,0,0,3,3,0,0,0,2,2,0,2,1,2,1,2,0,1,2,1,0,0,2,0,0,2,2,0,3,0,0,0,0,1,0,0,0,0,0,0,0,3,0,0,1,1,1,0
"143",144,"1","5","1",18,1,2,2,3,1,1,1,1,1,2,1,2,2,2,2,2,3,2,2,2,1,1,1,1,1,1,1,1,1,1,1,1,1,1,0,1,0,0,1,0,2,1,0,1,1,0,1,0,0,0,0,0,1,0,0,0,0,0,0,0,0,0,1,0,0,0,0,0,0,0,1,0
"144",145,"1","5","1",19,4,3,5,2,4,4,1,1,1,1,2,4,1,4,4,5,5,4,2,4,0,1,0,0,1,0,0,1,0,0,0,1,1,0,0,0,1,1,0,0,0,0,0,0,1,1,1,0,0,2,0,0,0,0,0,0,0,0,0,0,0,0,0,0,0,0,0,0,0,0,0,0
"145",146,"1","5","1",19,4,2,2,2,4,4,2,2,2,2,2,4,1,4,4,4,2,3,3,2,2,2,2,2,1,1,2,2,3,2,2,2,0,0,0,0,0,0,0,0,0,0,0,0,0,0,0,0,0,0,0,0,0,0,0,0,0,0,0,0,0,0,0,0,0,0,0,0,0,0,0,0
"146",147,"1","6","1",18,3,3,3,3,1,1,1,1,1,2,2,3,1,2,2,3,1,1,1,1,0,0,0,0,0,0,0,0,0,0,0,0,2,1,0,2,2,2,3,2,0,0,2,0,2,0,2,0,0,0,0,0,1,0,0,0,0,0,0,0,0,0,0,0,0,1,0,0,3,2,2,1
"147",148,"1","2","1",18,3,4,3,4,2,2,2,2,2,2,2,4,3,4,4,4,2,1,1,2,2,3,3,3,2,2,3,2,3,3,3,3,1,0,0,2,0,1,2,0,0,0,1,0,0,0,1,0,0,0,0,0,1,0,2,0,0,0,0,0,0,0,0,0,0,0,0,0,0,0,1,0
"148",149,"1","5","2",19,4,1,3,1,2,2,1,1,2,1,3,5,1,5,5,5,5,4,3,1,1,0,0,0,0,0,1,0,1,0,0,0,2,1,0,1,0,2,1,1,1,0,3,1,0,0,1,0,1,1,0,1,1,0,1,0,0,0,1,0,1,0,1,0,0,2,1,0,1,1,1,0
"149",150,"1","2","1",20,3,1,1,1,1,1,1,1,1,1,1,3,1,1,1,3,1,2,2,1,0,0,0,0,0,0,0,0,0,0,0,0,1,2,0,3,0,1,1,0,0,0,0,0,0,0,0,0,1,0,0,0,0,0,2,0,0,0,1,0,0,0,0,0,0,2,0,0,3,3,1,0
"150",151,"1","2","2",19,4,2,2,3,4,3,2,2,1,2,1,3,1,4,2,3,2,3,4,2,1,1,0,1,1,1,0,1,0,1,1,0,1,0,1,0,0,0,1,0,0,0,2,0,0,1,0,0,0,0,1,1,0,1,0,0.899374117384519,0,0,0,0,1,0,0,0,1,1,0,1,0,0,0,0
"151",152,"1","5","1",18,3,2,2,2,1,1,1,1,1,1,1,3,1,3,3,3,3,3,3,3,1,1,1,1,1,1,1,1,1,1,1,1,1,1,0,2,1,2,2,1,1,1,1,0,1,1,1,0,0,0,0,0,0,0,0,0,0,0,1,1,1,0,0,0,0,0,0,0,0,0,0,0
"152",153,"1","3","1",18,3,3,2,1,1,1,1,1,1,1,1,3,1,4,4,3,1,1,1,1,0,0,0,0,1,1,1,1,1,0,0,0,0,1,2,1,0,3,1,0,3,0,1,0,0,0,1,0,0,1,0,0,0,0,0,0,2,0,0,0,0,0,0,1,0,0,0,0,0,2,0,0
"153",154,"1","5","1",20,3,4,4,4,3,4,3,4,4,1,1,3,1,3,3,3,3,3,3,4,2,2,1,1,1,1,2,2,2,2,2,1,1,0,0,1,0,1,0,0,1,0,0,0,0,0,2,2,0,0,0,0,0,0,0,0,0,0,0,0,0,0,0,0,0,0,0,1,0,0,0,0
"154",155,"1","5","1",18,3,5,5,5,5,5,4,4,2,5,5,5,5,3,3,1,3,1,4,5,1,3,1,2,0,0,0,1,2,0,0,2,0,0,1,2,0,3,1,1,2,0,0,0,0,2,3,1,1,3,0,0,1,1,0,0,2,0,3,2,2,0,1,1,1,3,3,0,3,2,2,0
"155",156,"1","5","1",19,2,3,2,2,4,3,3,2,3,4,4,2,2,2,2,2,2,1,2,1,2,3,3,3,2,1,3,3,2,3,3,3,1,0,0,1,0,1,0,0,0,0,0,0,0,0,1,0,0,0,0,0,0,0,0,0,0,0,0,0,0,0,0,0,0,0,0,0,0,0,1,0
"156",157,"1","5","2",21,1,2,1,1,1,1,1,1,1,1,1,1,1,1,2,1,1,1,1,1,0,0,0,0,0,0,0,0,0,0,0,0,2,1,0,2,0,2,1,0,3,0,3,0,0,0,1,0,0,1,0,0,2,0,0,0,0,0,1,1,0,0,0,0,0,1,0,0,3,0,0,0
"157",158,"1","6","2",19,2,1,1,1,1,2,1,1,1,2,1,1,2,3,2,2,1,1,1,2,1,1,0,0,1,0,0,1,1,2,1,0,2,1,0,1,0,1,1,0,2,1,3,3,0,0,2,0,0,0,0,0,1,0,0,0,0,1,3,1,1,0,1,0,0,1,0,0,1,1,3,0
"158",159,"1","5","1",20,1,4,1,2,2,2,1,1,1,1,1,1,1,1,1,4,1,1,1,3,2,0,0,0,0,0,0,0,0,0,0,0,0,1,0,1,0,1,1,1,0,1,1,1,0,0,0,0,0,2,0,0,0,0,0,0,0,0,0,0,0,0,2,0,0,0,0,0,0,0,1,0
"159",160,"1","5","2",21,4,3,2,4,4,3,2,2,2,1,2,4,2,4,4,4,3,3,4,4,3,0,0,0,0,0,0,0,0,0,0,0,2,1,2,0,0,1,1,0,0,2,0,3,0,0,2,0,1,2,0,0,0,0,0,0,1,0,0,0,0,0,1,1,0,0,0,0,0,1,0,0
"160",161,"1","5","1",18,3,1,1,1,2,1,1,1,1,1,1,1,1,3,2,1,1,1,1,1,2,0,0,0,1,1,2,1,1,0,0,0,3,2,0,1,0,1,2,0,0,0,1,2,0,0,2,0,0,0,0,0,0,0,2,0,0,0,1,0,0,0,0,0,0,1,0,0,0,0,2,0
"161",162,"1","5","1",18,2,5,5,5,5,5,5,5,5,3,1,2,1,2,2,1,2,1,1,3,3,1,1,1,1,1,1,1,1,1,1,1,1,0,0,1,1,1,1,1,3,0,2,3,0,1,3,0,0,0,0,0,3,0,0,0,0,0,1,2,0,0,0,0,1,1,0,0,0,3,3,0
"162",163,"1","5","1",19,5,3,4,3,3,2,1,1,1,1,3,5,2,5,5,5,4,1,2,1,1,2,2,2,2,2,2,1,2,1,1,2,1,2,0,2,1,3,1,0,2,0,3,1,0,3,3,0,1,2,0,1,0,0,0,0,0,1,1,0,3,1,1,0,1,1,0,0,1,2,0,0
"163",164,"1","5","2",20,3,3,2,2,1,1,1,1,1,1,1,3,1,5,5,4,2,2,4,4,3,0,0,0,0,0,2,0,0,0,0,0,0,0,0,2,0,0,3,0,0,0,0,2,0,0,3,0,0,0,0,0,1,0,0,0,2,0,0,0,0,0,0,0,0,0,0,0,3,0,0,0
"164",165,"1","5","1",18,5,4,4,4,5,5,3,2,4,3,5,5,3,5,5,4,2,2,1,2,1,1,1,1,1,1,1,1,1,1,1,1,3,2,0,3,0,1,3,1,1,1,1,3,2,1,3,1,2,0,0,0,1,2,1,0,2,0,2,3,0,0,0,0,0,2,0,0,3,1,2,1
"165",166,"1","6","1",18,3,3,3,2,1,1,1,1,1,1,1,3,1,3,3,3,3,2,3,3,1,3,1,1,0,0,3,3,2,2,2,2,1,1,0,1,0,1,0,0,1,1,1,0,0,0,1,0,0,0,0,0,0,0,0,0,0,0,0,0,0,0,0,0,0,1,0,0,0,0,0,0
"166",167,"1","5","1",18,5,4,3,2,3,2,2,2,2,1,5,5,2,5,5,3,2,2,4,4,0,3,3,3,1,2,3,3,2,3,3,3,0,0,0,1,0,1,1,0,0,0,0,1,0,1,0,0,0,0,0,0,0,0,0,0,3,0,0,0,0,0,0,0,0,2,0,0,0,1,1,0
"167",168,"1","2","2",20,2,4,4,4,1,1,2,1,2,3,3,2,3,3,3,3,1,1,3,1,0,0,0,0,0,0,0,0,0,0,0,0,2,0,0,0,3,0,0,0,0,0,0,0,0,0,0,0,0,1,0,0,1,0,0,0,0,0,0,2,0,0,0,0,0,0,0,0,0,0,1,0
"168",169,"1","5","1",21,3,4,2,5,3,2,1,1,1,3,4,3,1,5,5,3,5,4,4,3,2,2,2,2,1,1,3,2,2,3,2,2,1,3,1,2,2,2,1,1,2,0,0,3,0,2,2,2,0,0,0,0,2,2,0,0,1,0,2,3,2,0,2,2,1,1,0,2,2,2,3,1
"169",170,"1","5","2",19,2,2,2,1,1,1,1,1,1,1,1,2,1,2,2,3,1,1,2,2,1,0,0,0,1,0,0,0,0,0,0,0,1,0,0,0,1,1,1,0,1,0,0,0,0,0,0,0,0,0,0,0,0,0,0,0,0,0,0,0,0,0,0,0,0,0,0,0,0,0,0,0
"170",171,"1","6","1",19,4,4,4,3,3,3,2,1,4,1,1,4,1,4,4,3,2,1,2,1,1,0,0,0,2,0,1,1,0,0,0,0,3,1,0,1,0,1,1,1,0,1,3,3,0,0,3,1,2,2,1,0,0,0,0,0,1,0,1,1,0,0,0,1,1,3,1,1,2,0,2,1
"171",172,"1","5","1",19,4,3,3,2,3,2,1,1,2,1,3,4,2,4,4,5,4,2,3,4,0,0,0,0,0,0,1,0,0,0,0,0,3,2,0,1,2,2,1,1,1,0,2,3,1,1,3,0,0,1,0,0,2,1,2,0,0,0,0,0,0,0,0,0,0,3,0,1,1,1,3,2
"172",173,"1","5","1",19,3,3,3,4,3,3,2,1,3,1,3,3,1,3,3,2,1,2,1,3,1,2,1,2,0,0,0,0,0,2,2,1,2,2,0,2,2,1,3,1,2,1,2,2,1,0,3,1,1,0,1,0,2,0,1,0,1,0,1,1,1,0,1,2,1,0,0,0,2,2,3,1
"173",174,"1","6","2",19,4,3,3,2,2,3,1,1,2,3,3,4,3,5,5,4,4,4,4,4,0,0,0,0,0,0,0,0,0,0,0,0,1,1,2,0,0,3,1,1,3,3,3,2,0,0,3,0,0,3,0,3,2,0,0,1,3,0,0,3,3,1,1,2,1,1,3,1,2,2,1,3
"174",175,"1","5","2",18,1,1,2,2,2,1,1,1,1,2,2,1,3,3,3,3,1,1,1,2,0,0,0,0,0,0,0,0,0,0,0,0,0,2,0,3,0,3,1,0,3,3,1,1,0,0,2,0,1,1,0,0,1,0,1,0,0,0,1,1,3,2,1,0,0,1,0,2,3,0,2,3
"175",176,"1","5","1",18,3,2,3,1,3,3,2,2,3,1,4,5,1,4,3,5,1,5,5,5,3,3,1,0,1,1,3,2,0,3,2,0,1,2,1,3,0,3,3,0,1,0,2,2,2,2,3,2,1,0,0,0,1,2,2,0,0,0,3,2,0,0,2,0,0,1,2,2,3,3,0,1
"176",177,"1","1","2",19,2.0527042159734,4,4,4,1,1,1,1,2,3,3,2.65014527706576,3,3.571014131474,3.74193547101794,4,4,1,4,1,1,1,1,1,1,1,1,1,1,1,1,1,1,0,1,0,0,1,1,1,2,0,0,0,0,0,0,1,0,0,0,0,3,0,0,0,0,0,0,0,0,0,0,0,0,2,1,0,1,0,1,0
"177",178,"1","2","1",19,1,3,1,1,1,1,1,1,1,1,1,1,1,1,1,2,2,1,1,1,2,0,2,2,2,3,3,1,2,2,2,1,1,1,0,2,1,0,2,0,0,1,0,3,0,0,1,0,0,1,0,0,0,0,0,0,1,0,0,1,0,0,0,0,0,0,0,0,2,0,2,0
"178",179,"1","5","1",18,3,2,3,2,3,3,3,3,1,1,2,4,1,3,3,2,2,3,2,2,2,0,0,0,0,1,2,0,0,0,0,0,2,1,0,2,2,2,1,0,0,0,3,0,0,0,0,0,0,0,0,0,3,0,0,0,0,0,0,0,1,0,0,0,0,2,0,0,1,0,2,1
"179",180,"1","5","1",18,3,2,3,2,3,3,3,3,1,1,1,3,1,3,3,3,2,2,3,2,0,0,0,0,0,0,0,0,0,0,0,0,2,1,0,1,2,0,1,0,0,0,0,1,0,0,0,0,0,0,0,0,0,0,0,0,0,0,0,0,0,0,0,0,0,0,0,0,0,0,1,1
"180",181,"1","5","1",18,5,5,5,5,5,5,5,5,3,1,1,3,1,5,5,5,5,5,1,2,3,0,0,0,2,3,0,0,0,0,0,0,3,3,0,1,0,1,1,0,0,3,3,0,1,0,3,0,0,0,0,0,2,0,0,0,0,0,0,0,0,0,0,0,0,0,0,0,1,0,0,0
"181",182,"1","2","2",18,1,1,1,1,1,1,1,1,1,3,3,1,2,1,1,4,1,1,1,1,0,0,0,0,0,0,0,1,0,0,0,0,0,0,0,2,0,1,0,0,0,0,0,0,0,0,0,0,0,0,0,0,0,0,0,0,0,0,3,0,0,0,3,0,0,1,0,0,3,3,0,0
"182",183,"1","5","1",19,3,2,2,2,3,3,2,2,2,1,1,3,1.33123340817402,3,3,3,1,1,2,2,1,1,0,0,1,1,1,1,1,0,0,0,1,0,0,0,0,1,0,0,0,0,2,1,0,0,2,0,0,0,0,0,1,0,0,0,0,0,0,0,0,0,0,0,0,2,0,0,0,0,1,0
"183",184,"1","5","2",19,3,2,2,2,1,1,1,1,1,3,3,1,3,3,3,4,3,2,2,2,2,1,1,1,1,1,1,1,1,2,1,1,0,0,0,1,0,2,2,0,0,0,0,0,0,0,1,0,0,0,0,0,1,0,0,0,0,0,0,0,0,0,0,0,0,1,0,0,1,0,2,0
"184",185,"1","3","1",18,4,4,4,4,3,4,2,2,1,3,3,4,3,4,4,3,1,2,1,2,2,3,2,1,0,0,0,0,1,3,2,1,3,2,2,2,1,2,2,2,2,1,0,2,1,2,0,0,1,0,0,0,1,0,0,1,1,0,0,1,0,0,1,1,0,2,1,0,2,0,2,1
"185",186,"1","5","2",20,2,2,3,1,1,1,1,1,1,1,4,2,3,1,4,2,4,3,1,3,2,0,0,0,0,0,0,1,0,0,0,0,0,2,2,1,0,1,1,0,2,1,0,0,0,3,1,2,0,0,0,3,0,1,0,0,1,0,1,0,0,1,1,0,0,0,0,1,1,1,1,0
"186",187,"1","3","1",18,2,2,3,2,3,2,1,1,1,4,5,2,4,2,2,2,1,3,4,2,0,0,0,0,0,0,0,0,0,0,0,0,1,0,0,1,0,2,0,0,1,0,1,0,0,0,2,0,0,0,0,0,0,0,1,0,2,0,1,0,0,0,0,0,0,0,0,0,2,2,1,0
"187",188,"1","5","1",18,2,1,1,1,1,1,1,1,1,1,1,1,1,2,2,2,1,1,1,1,0,0,0,0,0,0,0,0,0,0,0,0,1,0,0,1,0,0,1,0,0,0,2,2,0,0,3,1,0,0,0,0,1,0,1,0,0,0,0,0,0,0,0,0,0,1,0,0,1,0,1,0
"188",189,"1","2","2",22,3,3,2,2,2,3,3,2,2,2,3,2,2,2,3,2,3,2,3,4,1,2,1,1,1,2,1,2,1,1,1,1,1,1,2,1,2,2,2,2,2,1,1,1,1,1,1,2,2,2,2,1,1,1,2,1,2,1,1,2,1,2,1,2,2,1,1,1,1,1,2,2
"189",190,"1","5","2",19,2,1,2,1,1,1,1,1,1,1,1,2,1,3,3,4,4,1,1,1,1,0,1,1,0,0,2,1,1,0,1,0,0,0,0,1,0,0,1,0,1,0,0,0,1,0,0,0,0,0,0,0,0,0,0,0,0,0,2,0,0,0,0,0,0,0,0,0,0,0,0,0
"190",191,"1","5","1",20,3,2,3,2,2,2,1,1,2,2,2,3,2,3,3,3,1,2,1,2,1,0,0,1,0,0,0,0,0,0,0,3,1,0,0,0,0,1,0,0,0,1,3,0,0,0,2,0,1,0,0,0,2,0,0,0,0,0,0,1,0,0,0,0,0,1,0,0,0,0,2,0
"191",192,"1","5","1",19,5,5,5,5,5,5,5,5,5,4,5,5,5,5,5,5,5,5,5,5,0,1,0,2,0,0,1,1,3,3,2,1,3,0,0,0,0,2,1,1,0,0,0,0,0,0,0,0,0,0,0,0,0,0,1,0,1,0,0,0,0,0,0,0,0,1,0,0,0,0,1,0
"192",193,"1","5","1",18,1,1,1,1,2,2,1,1,1,1,1,1,1,1,1,1,1,1,1,3,0,2,0,0,0,0,0,0,0,2,0,0,1,0,0,0,0,0,0,0,0,0,0,0,0,0,0,0,0,0,0,0,0,0,0,0,0,0,0,0,0,0,0,0,0,0,0,0,0,0,0,0
"193",194,"1","5","1",18,5,3,1,3,4,4,1,1,3,1,1,3,1,3,3,1,1,1,1,2,0,0,0,0,0,0,0,0,0,0,0,0,1,1,0,1,2,2,1,1,1,1,1,0,0,0,2,0,0,1,0,0,2,0,1,0,0,0,0,1,0,0,0,0,0,1,0,0,0,0,0,0
"194",195,"1","5","2",18,4,1,1,1,1,1,1,1,1,1,1,4,1,4,4,2,1,1,1,1,1,0,0,0,0,0,0,1,0,0,1,0,0,0,0,1,0,0,0,0,3,0,0,0,0,0,3,2,0,2,0,0,0,0,0,0,0,0,0,0,0,0,0,0,0,0,0,0,1,0,0,0
"195",196,"1","1","1",19,3,3,2,2,2,2,1,2,2,4,3,3,3,3,3,3,3,3,3,3,2,1,1,1,1,1,2,1,1,1,2,1,1,0,0,1,0,2,1,1,0,0,0,2,1,0,2,1,0,0,0,0,0,0,0,0,1,0,1,1,1,0,1,0,0,0,0,1,1,1,2,1
"196",197,"1","2","1",18,4,5,5,1,5,5,1,1,1,1,2,3,1,4,4,5,3,2,2,1,0,0,0,0,0,0,0,0,0,0,0,0,2,2,1,2,2,2,2,1,0,1,3,2,0,0,3,0,0,0,0,0,0,0,0,0,0,0,0,0,0,0,0,0,0,3,0,1,2,2,3,0
"197",198,"1","5","1",18,3,1,1,1,1,1,1,1,1,1,1,2,1,2,2,1,1,1,1,1,3,1,1,1,0,0,2,2,2,1,2,1,1,0,0,1,0,0,1,0,0,0,0,0,0,0,0,0,0,0,0,0,0,0,0,0,0,0,0,0,0,0,0,0,0,0,0,0,0,0,0,0
"198",199,"1","2","1",23,1,1,1,1,1,1,1,1,1,1,1,1,1,1,1,1,1,1,1,1,0,0.626879082166814,0,0,0,0,0,0,0,0,0,0,3,0,0,0,0,0,0,0,0,1,0,3,0,0,2,0,0,0,0,0,0,0,1,0,0,0,0,0,0,0,0,0,0,0,0,0,2,0,1,0
"199",200,"1","5","2",18,2,3,3,3,3,2,1,1,2,2,1,2,1,2,2,2,1,1,1,1,3,1,0,0,0,0,1,0,0,0,0,0,1,3,0,1,2,2,1,0,1,0,0,2,0,0,3,1,1,1,0,0,0,1,0,0.070552788970804,0,3,1,1,0,2,1,0,0,2,1,0,1,0,1,0
"200",201,"1","5","2",18,4,4,3,2,2,2,1,2,1,1,1,4,1,2,5,5,4,1,2,2,2,0,0,0,1,1,2,1,1,1,0,0,3,0,0,0,0,3,0,1,0,0,0,1,0,0,3,0,0,1,0,0,1,0,0,0,0,0,0,0,0,0,0,0,0,3,0,0,0,0,1,0
"201",202,"1","5","1",18,1,2,3,2,1,1,1,1,1,1,1,1,1,1,1,2,3,3,1,1,2,2,1,1,0,2,2,2,2,3,2,1,2,0,2,3,1,1,2,1,0,0,0,0,1,0,1,1,0,0,0,0,1,0,1,0,1,0,0,1,0,0,1,0,0,3,0,1,3,2,1,1
"202",203,"1","5","2",18,3,3,3,3,3,3,3,3,3,3,3,3,3,3,3,3,3,3,3,3,1,1,1,1,1,1,1,1,1,1,1,1,0,0,0,0,0,0,0,0,0,0,0,0,0,0,0,0,0,0,0,0,0,0,0,0,0,0,0,0,0,0,0,0,0,0,0,0,0,0,0,0
"203",204,"1","6","2",19,2,2,1,1,2,2,1,1,1,3,2,2,3,3,3,1,1,1,1,1,0,1,0,0,0,0,0,0,2,0,0,0,1,2,1,3,3,3,3,1,2,1,1,3,2,1,3,0,1,2,0,0,0,0,1,0,0,0,3,2,1,0,1,0,0,1,1,0,3,1,3,2
"204",205,"1","5","2",21,1,2,1,3,1,1,1,1,1,3,3,1,3,1,1,2,1,1,1,1,0,0,0,0,0,0,0,0,0,0,0,0,1,0,0,2,0,0,0,0,0,0,0,3,0,0,0,0,0,1,0,0,0,0,0,0,0,0,1,0,0,0,0,0,0,0,0,0,0,0,0,0
"205",206,"1","2","2",20,3,2,2,2,4,2,2,2,2,3,3,3,3,3,3,3,1,2,2,1,2,2,0,0,2,2,2,2,2,1,1,2,2,0,2,0,0,1,1,0,0,0,2,0,0,0,0,0,0,0,0,0,0,0,1,0,1,0,0,0,1,0,1,0,1,1,0,0,0,2,0,0
"206",207,"1","5","1",18,5,4,5,2,2,2,1,2,1,1,1,5,1,5,5,5,1,2,2,1,0,1,0,0,3,3,3,2,2,2,0,0,2,2,3,1,1,3,0,1,3,2,3,2,0,3,3,0,0,3,0,0,3,0,0,0,0,0,1,3,3,1,0,0,1,0,3,0,1,0,2,0
"207",208,"1","5","2",19,1,3,2,1,1,1,1,1,1,1,1,1,1,1,1,2,1,1,2,3,0,1,0,0,0,0,0,0,0,0,0,3,1,0,0,0,0,1,1,0,1,1,2,0,0,0,2,0,0,1,0,0,2,0,2,1,0,0,0,0,0,0,0,0,0,0,0,0,0,0,1,0
"208",209,"1","5","1",18,1,1,1,1,1,1,1,1,1,1,1,1,1,1,1,1,1,1,1,1,3,2,1,1,3,3,1,1,1,1,1,2,3,2,0,0,1,1,1,0,0,1,1,1,0,0,1,0,0,0,0,0,0,0,0,0,0,0,0,0,0,0,0,0,0,0,0,0,0,0,0,0
"209",210,"1","5","2",19,3,2,2,1,3,3,1,1,3,1,2,3,2,3,3,4,3,2,2,1,0,1,0,0,0,0,0,0,0,0,0,3,3,1,0,1,0,3,2,0,0,2,0,0,0,0,3,0,1,3,0,1,0,0,1,0,1,0,1,2,0,2,2,0,1,3,2,0,1,2,0,0
"210",211,"1","5","1",19,2,3,3,2,2,2,1,1,2,2,3,1,3,3,2,3,3,1,2,1,0,2,0,0,0,0,1,2,2,2,1,2,3,0,0,1,0,1,1,1,1,0,3,0,0,0,2,0,0,1,0,0,1,0,1,0,0,0,0,1,0,0,0,0,1,0,0,0,0,1,0,0
"211",212,"1","5","2",18,4,3,2,3,3,2,1,1,1,1,1,3,1,3,3,4,4,2,1,3,0,0,0,0,0,0,0,0,0,0,0,0,1,0,1,0,0,2,0,0,1,0,0,0,0,0,2,0,0,0,0,0,0,0,0,1,0,0,0,0,0,0,0,0,0,0,0,0,0,0,0,0
"212",213,"1","5","2",18,2,3,4,3,1,2,1,1,1,2,2,2,1,2,3,2,2,2,2,1,0,2,1,1,0,0,1,1,1,1,1,3,0,0,0,0,0,1,1,0,0,2,1,0,0,0,0,0,0,0,0,0,0,0,1,0,0,0,0.778953165218502,0,0,0,0,0,0,1,0,0,0,0,1,0
"213",214,"1","5","2",19,3,2,2,1,3,3,2,2,2,1,1,3,1,4,5,4,4,3,3,3,0,0,0,0,2,1,0,0.734203524260939,0.410991535577372,1.10611260204001,0.887800480348365,0,1,0,0,0,0,0,0,0,2,0,0,0,0,0,0,0,0,0,0,0,0,0,0,0,0,0,0,0,0,0,0,0,0,0,0,0,0,0,0,0
"214",215,"1","5","1",19,4,4,3,2,3,3,3,1,1,2,1,3,3,4,4,4,4,4,2,3,2,2,2,2,1,1,3,2,2,2,2,2,3,1,0,2,2,2,2,1,2,0,3,3,0,1,3,0,1,0,0,0,0,0,0,0,0,0,0,1,0,0,0,0,0,0,0,0,1,0,1,0
"215",216,"1","5","2",19,3,2,4,2,2,1,2,1,1,2,1,2,2,2,2,2,2,2,1,2,1,1,1,2,1,2,1,1,1,2,1,1,1,1,1,0,0,0,1,0,0,1,1,0,0.581045648692293,0,1,0,0,0,0,0,0,0,0,0,0,0,0,0,0,0,0,0,0,1,0,0,0,0,0,1
"216",217,"1","5","2",19,4,1,1,1,2,2,1,1,3,1,2,4,2,4,4,4,1,2,1,2,0,0,0,0,0,0,0,0,0,0,0,0,1,1,0,3,0,1,3,0,3,1,2,2,0,0,0,0,0,2,2,1,2,0,0,0,0,0,2,2,2,0,1,0,0,0,1,0,3,0,2,3
"217",218,"1","5","1",18,2,2,2,1,1,1,1,1,1,1,1,2,1,2,2,1,1,1,1,1,0,0,0,0,0,0,0,0,0,0,0,0,2,2,0,1,2,2,1,0,2,0,3,0,1,0,0,0,0,0,0,0,1.84020641453306,0,0,0,0,0,0,0,0,0,0,0,0,3,0,0,1,1,1,0
"218",219,"1","5","1",20,5,5,5,5,3,3,2,3,3,4,5,5,4,5,5,5,5,5,5,5,2,2,3,2,3,3,3,3,3,3,2,1,1,1,0,3,0,1,2,1,0,2,0,1,0,3,2,0,1,0,0,0,0,0,0,0,1,0,1,3,0,0,0,0,2,3,0,0,3,1,1,0
"219",220,"1","5","1",19,1,4,4,2,1,3,1,1,2,1,1,1,1,1,1,1,1,1,1,1,0,1,0,0,0,0,0,0,0,0,0,0,2,3,1,0,1,0,2,0,0,1,1,2,2,0,2,0,2,3,0,0,1,0,0,0,0,0,2,2,0,0,1,0,0,0,0,0,1,0,1,0
"220",221,"1","2","1",19,4,3,1,4,5,5,5,5,5,5,5,4,5,4,5,5,5,5,5,5,1,0,0,0,1,2,2,0,2,0,0,0,3,0,1,0,0,2,1,3,3,0,0,3,0,0,1,2,0,1,0,0,1,0,3,0,1,0,0,0,0,0,0,0,1,3,2,0,1,3,3,0
"221",222,"1","5","1",21,3,3,3,3,5,4,3,3,4,3,3,3,2,3,3,3,2,1,1,2,2,1,1,1,2,2,2,2,1,1,1,1,2,2,0,3,1,2,3,1,2,2,0,1,3,0,2,1,1,1,1,0,1,1,0.568151911835789,0,0,0,0,2,0,1,1,0,1,1,1,1,2,2,1,2
"222",223,"1","5","2",19,3,2,1,2,3,2,3,3,2,2,1,2,2,3,3,3,3,2,3,1,2,1,2,1,1,1,2,1,1,2,1,1,2,1,0,0,0,3,0,0,0,0,2,0,0,0,1,0,1,1,0,0,1,0,0,0,0,0,0,0,0,0,0,0,0,0,0,0,0,2,1,0
"223",224,"1","5","1",18,2,4,2,1,3,3,2,2,1,1,2,2,1,2,3,1,1,1,1,1,3,0,0,0,0,0,1,3,2,0,0,3,3,1,0,0,0,0,1,0,0,0,0,0,0,0,1,0,0,0,0,0,0,0,0,0,0,0,0,1,0,0,0,0,0,0,0,0,0,0,0,0
"224",225,"1","2","1",21,1,1,1,1,1,1,1,1,1,1,1,1,1,1,1,1,1,1,1,1,1,0,0,0,0,1,1,0,0,0,0,0,2,2,0,1,0,0,1,0,0,1,0,0,0,0,2,0,1,1,0,0,0,0,0,0,0,0,1,1,0,0,0,0,0,0,0,0,2,0,0,1
"225",226,"1","6","1",20,2,2,2,2,1,1,1,1,1,1,2,2,3,2,2,1,1,1,1,1,1,0,1,1,1,1,1,1,1,1,1,0,1,0,0,1,1,1,1,0,0,0,0,0,0,0,0,0,0,0,0,0,0,0,0,0,0,0,0,0,0,0,0,0,0,2,0,0,1,1,0,0
"226",227,"1","5","2",18,1,1,1,1,1,1,1,1,1,1,1,1,1,3,3,3,3,1,1,3,0,0,0,1,0,0,0,1,0,2,0,0,0,0,0,0,0,0,0,0,0,0,0,0,0,0,0,0,0,0,0,0,0,0,0,0,0,0,0,0,0,0,0,0,0,3,0,0,0,0,0,0
"227",228,"1","5","1",19,2,2,3,3,1,1,1,1,1,2,1,2,1,2,2,4,4,3,3,4,3,0,0,0,1,1,2,1,1,2,1,0,3,0,0,0,0,2,1,0,3,0,3,2,0,0,3,0,0,1,0,0,0,0,3,0,0,0,0,0,0,0,0,0,0,0,0,0,0,2,2,0
"228",229,"1","6","1",18,3,1,1,1,2,2,1,1,1,1,1,3,1,3,3,3,3,2,2,3,2,2,2,2,0,2,1,1,2,1,1,0,1,0,1,0,0,1,0,0,0,0,2,0,0,0,1,0,0,0,0,0,0,0,0,0,0,0,0,0,0,0,0,0,0,1,0,0,0,0,0,0
"229",230,"1","5","1",18,3,3,2,2,2,2,2,2,1,1,1,3,1,3,3,4,2,2,2,4,1,0,0,0,0,0,1,0,1,0,0,0,3,1,0,0,0,2,1,1,0,0,0,3,0,0,0,0,0,1,0,0,1,0,1,0,0,0,0,0,0,0,0,0,0,3,0,0,0,0,3,0
"230",231,"1","5","1",18,2,4,4,5,1,1,2,2,1,2,2,1,1,2,2,3,1,2,3,1,1,0,0,0,0,0,2,1,2,0,1,1,1,1,0,1,0,0,0,0,0,0,2,0,0,0,1,0,0,0,0,0,0,0,0,0,0,0,0,0,0,0,0,0,0,0,0,0,1,0,2,0
"231",232,"1","5","2",18,4,4,5,3,1,1,1,1,1,2,1,2,1,4,5,1,4,1,1,1,0,0,0,0,0,0,0,0,0,0,0,0,3,1,0,3,0,3,3,2,0,0,2,3,0,0,2,0,0,3,1,0,2,0,0,0,3,0,1,0,0,0,0,2,0,0,0,0,3,1,0,0
"232",233,"1","6","2",19,3,5,5,5,4,4,1,1,3,1,1,3,1,4,4,4,4,3,4,4,2,2,1,1,1,1,1,1,1,1,1,1,1,1,3,0,1,3,0,0,0,1,1,3,0,0,2,0,1,0,0,3,0,0,0,0,2,0,0,0,0,0,2,0,0,0,1,0,0,2,1,0
"233",234,"1","2","2",19,1,1,1,1,1,1,1,1,1,1,1,1,1,1,1,1,1,1,1,2,0,2,3,0,2,3,2,2,2,2,2,3,0,0,0,3,0,2,1,0,0,0,0,0,0,0,0,0,2,1,0,0,0,0,0,0,2,0,0,1,1,0,0,0,0,0,0,0,1,0,2,0
"234",235,"1","5","2",20,2,3,3,2,1,1,1,1,3,1,1,2,1,2,3,2,1,1,3,1,0,1,0,0,0,0,0,2,0,0,0,0,0,0,0,0,0,0,0,0,2,1,1,0,0,0,2,0,0,0,0,0,0,0,0,0,0,0,0,0,0,0,0,0,0,0,0,0,0,0,1.1375387954903,0
"235",236,"1","5","1",19,3,5,4,5,2,2,2,2,2,4,4,2,4,3,3,2,1,1,2,1,2,1,1,1,1,1,2,2,2,3,3,1,3,3,1,2,2,2,2,2,0,2,3,3,3,0,2,0,1,1,0,0,2,1,0,0,1,1,1,1,1,0,1,1,1,2,0,1,2,2,3,1
"236",237,"1","5","1",20.1145491663072,4,3,2,2,2,2,2,2,3,2,1,1,1,4,4,4,1,2,1,1,2,1,1,1,1,1,1,1,1,1,1,1,1,1,0,0,0,3,1,0,0,0,3,0,0,0,3,0,0,0,0,0,1,0,0,0,1,0,1,1,0,0,0,1,0,3,0,0,0,1,1,1
"237",238,"1","2","2",19,2,1,2,1,2,1,1,1,1,2,2,3,1,2,3,4,3,4,4,3,2,0,2,1,1,2,1,2,1,1,2,1,0,0,0,0,0,0,0,0,0,0,0,0,0,0,0,0,0,0,0,0,0,0,0,0,0,0,0,1,0,0,0,0,0,0,0,0,0,0,0,0
"238",239,"1","6","1",18,5,5,5,5,3,3,3,3,3,3,3,4,3,5,5,5,4,4,4,4,2,3,2,2,2,2,3,3,2,2,3,3,3,1,0,0,1,2,3,2,0,0,0,3,1,0,3,0,1,2,2,0,3,0,0,2,1,0,0,2,0,0,3,0,1,2,0,0,0,0,3,3
"239",240,"1","5","1",18,3,3,3,2,3,3,3,3,1,1,2,4,1,3,2,3,2,1,1,2,3,3,2,1,1,1,2,3,2,2,1,1,0,2,0,3,1,1,3,1,0,0,2,1.33242798363439,0,1,1,0,0,1,1,0,1,0,0,0,1,0,2,2,0,0,1,0,0,0,0,0,3,1,2,1
"240",241,"1","2","2",21,1,1,1,1,1,1,1,1,1,1,1,2,1,1,1,1,1,1,1,1,0,0,0,0,0,0,0,0,0,0,0,0,1,0,0,0,0,0,1,1,0,0,0,0,0,0,0,0,0,0,0,0,0,0,0,0,0,0,0,0,0,0,0,0,0,0,0,0,0,0,0,0
"241",242,"1","5","1",20,3,2,2,3,3,3,3,3,3,3,2,3,1,3,3,2,1,2,1,1,1,1,1,2,1,2,2,2,2,2,2,1,1,1,0,0,0,0,0,0,0,0,0,0,0,0,0,0,0,0,0,0,0,0,0,0,0,0,0,0,0,0,0,0,1,0,0,0,0,0,1,0
"242",243,"1","5","1",19,2,3,3,3,1,1,1,1,1,1,2,2,1,2,2,3,2,2,3,2,0,1,0,1,0,0,0,0,0,1,1,1,1,1,0,2,0,1,1,0,1,0,2,0,0,0,1,0,0,0,0,0,0,0,0,0,0,0,1,0,0,0,1,0,0,1,0,0,2,0,2,0
"243",244,"1","5","2",19,1,3,1,1,1,1,1,1,3,3,3,1,3,1,1,1,1,1,1,1,0,1,2,1,1,2,1,0,1,2,1,0,1,0,1,1,1,1,1,1,1,1,1,0,1,1,1,1,1,1,1,2,1,1,1,2,1,1,1,2,1,2,1,1,2,1,1,0,2,1,1,1
"244",245,"1","5","1",18,2,3,2,2,1,1,1,1,1,1,1,1,1,2,2,1,1,1,1,1,0,0,0,0,0,0,0,0,0,0,0,0,1,0,0,0,1,1,1,0,0,0,0,1,0,0,1,0,0,0,0,0,1,1,0,0,0,0,0,1,0,0,0,0,0,1,0,0,1,1,1,0
"245",246,"1","5","1",18,2,1,1,1,1,1,1,1,1,1,1,2,1,2,2,2,1,1,1,1,1,0,0,0,0,0,2,0,0,0,0,0,3,0,0,2,3,3,2,2,0,0,2,2,1,0,0,0,0,0,0,0,2,0,0,0,0,0,0,0,0,0,0,0,0,1,0,0,2,0,1,1
"246",247,"1","5","2",18,3,2,2,1,3,2,1,1,1,1,1,3,1,1,1,3,1,1,1,1,0,0,0,0,0,0,0,0,0,0,0,0,1,0,0,0,0,1,0,0,2,0,0,0,0,0,0,0,0,0,0,0,1,0,0,0,0,0,0,0,0,0,0,0,0,0,0,0,0,2,0,0
"247",248,"1","6","2",18,3,3,3,3,3,3,3,3,3,3,3,3,3,3,3,3,4,4,3,3,0,1,1,1,0,0,0,1,1,0,0,0,1,0,0,0,0,0,0,0,0,0,0,1,0,0,0,0,0,0,0,0,0,0,1,0,0,0,0,0,0,0,0,0,0,1,0,2,1,2,1,0
"248",249,"1","5","2",19,1,1,1,1,2,2,2,1,1,1,1,1,1,1,1,1,1,1,1,1,0,0,0,0,0,0,0,0,0,0,0,0,0,0,0,0,0,0,0,0,0,0,0,0,0,0,0,0,0,0,0,0,0,0,0,0,0,0,0,0,0,0,0,0,0,0,0,0,0,0,0,0
"249",250,"1","6","1",19,3,1,1,1,3,3,3,3,1,1,1,3,1,3,3,1,1,1,1,1,0,3,3,0,3,0,3,0,0,0,0,3,1,0,0,0,0,2,1,0,0,0,2,0,1,1,1,0,0,0,0,0,0,0,0,0,0,0,0,0,0,0,0,0,0,3,0,0,0,3,1,0
"250",251,"1","5","1",21,2,1,1,1,1,1,1,1,1,1,1,2,1,2,2,1,1,1,1,1,0,0,0,0,0,0,0,0,0,0,0,0,3,0,0,0,0,1,0,0,0,0,0,0,0,0,0,0,0,0,0,0,0,0,0,0,0,0,0,1,0,0,0,0,0,0,0,0,0,0,0,0
"251",252,"1","5","1",21,3,3,3,3,3,3,3,3,3,2,3,3,3,3,3,3,3,3,3,3,1,2,1,1,1,1,1,1,1,1,1,1,3,2,0,1,1,3,2,1,0,0,2,3,0,0,3,0,1,0,0,0,2,0,0,0,0,3,1,1,0,0,2,0,2,3,0,0,0,0,3,0
"252",253,"1","5","2",18,1,1,1,1,1,1,1,1,1,1,1,1,1,2,2,2,1,1,1,2,2,2,0,0,0,0,0,0,0,0,1,0,1,1,0,1,0,1,0,0,0,0,3,1,0,0,0,0,0,0,0,0,2,0,0,0,0,0,0,3,0,0,0,0,3,0,0,0,0,0,0,0
"253",254,"1","4","1",22,5,4,2,2,3,3,1,2,1,1,2,5,1,5,5,5,5,5,5,5,1,0,0,0,2,1,0,1,1,0,0,1,2,0,0,2,0,1,0,0,0,0,3,0,0,0,2,1,0,0,0,0,2,0,2,0,0,0,0,0,0,0,0,0,0,0,2,0,2,0,0,0
"254",255,"1","5","1",18,4,3,3,2,2,2,2,2,1,2,2,4,2,4,4,4,3,2,2,3,2,1,1,1,1,1,1,1,1,2,1,1,3,0,1,2,2,1,2,1,2,1,0,1,2,1,2,0,1,3,1,1,1,0,0,1,0,0,0,0,1,0,1,1,1,1,1,0,2,1,1,1
"255",256,"1","2","1",19,3,3,3,2,2,2,2,2,1,1,1,3,1,3,3,2,1,1,1,1,2,1,1,1,1,1,2,2,2,2,2,2,1,2,0,0,0,0,1,1,0,0,3,3,0,0,3,0,0,3,0,0,0,0,1,0,0,0,0,0,0,0,0,0,0,3,0,0,0,0,1,3
"256",257,"1","2","1",21,1,1,3,2,1,2,1,2,2,1,2,1,3,1,1,2,1,2,1,2,1,0,0,0,0,1,1,1,0,1,0,0,0,1,2,2,1,2,0,1,1,2,1,1,2,2,2,1,1,1,2,2,1,2,1,2,1,2,0,2,3,1,2,0,1,1,1,3,3,2,1,1
"257",258,"1","5","2",19,2,2,2,2,1,1,1,1,1,1,1,2,1,1,1,1,1,1,1,1,0,0,0,0,0,0,0,0,0,0,0,0,1,1,0,3,1,2,2,0,3,1,0,1,0,0,1,0,0,0,0,0,1,0,0,0,0,0,2,2,2,0,0,0,0,0,2,0,3,0,0,0
"258",259,"1","6","2",19,2,2,3,3,2,2,1,1,2,2,2,2,2,3,2,1,1,1,1,1,3,0,0,0,3,3,3,2,2,0,0,0,0,2,0,2,0,2,1,0,0,2,0,1,1,0,1,0,1,1,0,0,1,0,0,0,0,0,0,1,0,0,0,0,0,0,0,0,2,1,1,0
"259",260,"1","5","1",19,2,1,2,2,1,1,1,1,1,1,1,3,1,3,3,2,1,1,1,1,2,2,2,2,1,1,3,2,2,2,2,2,3,2,1,3,1,3,3,1,3,3,1,3,1,1,3,0,1,3,3,1,1,0,2,0,2,1,3,3,0,0,3,2,2,3,0,1,3,3,3,1
"260",261,"1","5","2",21,3,3,3,3,1,1,1,1,1,4,4,2,4,4,4,4,3,1,1,1,2,1,1,1,1,1,2,2,2,1,1,1,3,0,1,2,0,0,2,0,1,0,1,2,0,0,2,2,1,1,0,0,2,0,0,0,0,0,0,0,0,0,1,0,0,2,0,1,1,1,2,1
"261",262,"1","2","2",19,1,1,1,1,1,1,1,1,1,1,1,1,1,1,1,1,1,1,1,1,0,1,1,1,0,0,0,1,1,1,1,1,0,0,0,0,0,0,0,1,0,0,0,0,0,0,0,0,0,0,0,0,0,0,0,0,0,0,0,0,0,0,0,0,0,0,0,0,0,0,0,0
"262",263,"1","5","1",18,3,5,5,5,3,2,1,1,1,2,2,3,2,4,4,4,4,3,2,4,2,2,0,0,1,0,1,0,0,1,1,0,3,1,2,1,0,2,0,0,2,2,0,1,0,0,1,0,0,0,0,0,2,0,1,0,0,0,1,0,0,0,0,0,0,3,2,0,0,0,1,0
"263",264,"1","5","1",18,5,3,4,3,1,1,1,1,2,3,2,4,1,5,5,5,4,4,3,3,1,2,1,1,0,0,2,1,0,1,1,0,3,2,0,1,1,2,1,2,2,2,0,1,1,0,2,0,0,0,0,0,2,0,0,0,1,0,1,2,1,0,1,1,0,3,1,0,2,0,2,0
"264",265,"1","5","1",18,2,3,2,2,1,1,1,1,1,1,1,2,1,2,2,2,2,3,3,3,1,1,0,0,0,0,0,0,0,0,0,0,1,0,1,1,1,1,1,0,1,0,0,1,0,0,1,1,0,0,0,0,1,0,1,0,0,0,1,1,0,0,0,0,0,1,0,1,1,1,1,0
"265",266,"1","5","2",18,2,2,2,1,1,1,1,1,1,1,1,1,1,2,2,2,1,1,1,2,0,0,0,0,0,0,0,0,0,0,0,0,1,0,0,0,0,0,0,0,0,0,0,0,0,0,0,0,0,0,0,0,0,0,0,1,0,0,0,0,0,0,0,0,0,1,0,0,0,0,1,0
"266",267,"1","5","1",18,5,1,4,1,3,3,1,1,1,1,4,5,3,5,5,5,5,5,3,5,2,0,1,1,2,1,1,2,1,1,1,0,3,2,3,3,0,3,3,0,1,2,2,1,1,0,3,0,0,3,3,0,3,0,2,1,0,1,3,3,1,0,0,0,0,3,0,1,2,0,3,1
"267",268,"1","5","2",18,3,2,2,3,1,1,1,1,1,1,1,2,1,2,2,1,1,1,1,1,1,0,0,0,0,0,0,1,0,0,0,0,1,0,0,1,0,0,0,0,0,0,0,0,0,0,0,0,0,0,0,0,0,0,0,0,0,0,0,0,0,0,0,0,0,0,0,0,0,0,0,0
"268",269,"1","2","1",18,3,3,3,2,2,2,2,2,1,1,2,3,1,3,2,2,1,1,1,1,2,1,1,1,1,1,1,0,0,0,0,2,2,0,0,3,0,3,3,1,0,1,1,0,0,0,3,0,1,3,0,0,1,0,0,0,0,0,1,0,0,0,1,0,0,2,1,0,2,1,0,1
"269",270,"1","6","1",20,4,4,4,4,3,3,2,2,3,1,1,2,2,4,4,3,1,2,2,2,2,3,3,3,3,2,2,2,2,2,2,2,3,3,0,3,0,2,3,1,3,3,1,3,3,0,3,3,1,3,3,0,0,1,0,0,0,3,0,3,0,0,0,0,0,1,0,0,3,0,3,1
"270",271,"1","5","1",21,2,1,2,4,1,1,1,1,1,1,1,2,1,3,2,3,2,1,1,2,1,1,0,1,1,0,1,0,0,0,0,2,1,0,0,1,0,0,0,0,2,0,1,1,0,0,1,0,0,0,0,0,1,1,0,0,0,0,0,0,0,0,1,0,0,0,0,0,1,0,1,2
"271",272,"1","5","1",18,5,5,3,4,3,3,1,1,3,1,1,4,1,5,5,5,2,1,3,3,0,0,0,0,0,0,0,0,0,0,0,0,2,2,0,1,0,2,1,0,0,0,0,0,0,0,3,0,0,0,1,0,1,0,0,0,0,0,0,0,0,0,0,0,0,0,0,0,1,0,1,0
"272",273,"1","5","2",21,1,2,2,1,1,1,1,1,1,1,1,3,1,4,4,5,1,1,2,1,2,0,0,0,0,0,0,0,1,0,0,0,1,0,0,0,0,0,0,1,0,0,1,0,0,0,1,0,0,0,0,0,0,0,0,0,0,0,0,0,0,0,0,0,0,1,0,0,0,0,1,0
"273",274,"1","5","2",19,1,1,1,1,1,1,1,1,1,1,2,3,2,1,1,2,2,2,1,1,0,0,0,0,0,0,0,0,0,0,0,0,1,0,0,0,0,3,0,0,0,0,1,0,0,0,0,1,0,1,0,0,0,0,0,0,0.376159162085261,0,0,0,0,0,0,0,0,0,0,0,0,0,0,0
"274",275,"1","5","1",18,4,5,4,3,4,4,3,2,3,1,1,4,1,5,4,4,4,4,5,4,3,2,2,3,3,3,3,3,3,3,3,2,2,2,0,2,0,0,3,0,0,3,0,1,1,0,2,0,2,1,1,0,2,0,0,0,0,1,1,2,0,0,1,0,0,3,0,1,2,0,3,1
"275",276,"1","5","1",18,1,1,1,1,1,1,1,1,1,1,2,1,1,2,3,2,2,2,1,3,1,1,1,1,1,1,1,1,1,1,1,1,2,1,2,1,0,1,1,1,2,2,1,3,0,0,3,0,1,2,0,0,3,0,3,0,0,0,0,1,0,0,0,0,0,3,2,0,1,2,3,0
"276",277,"1","2","2",21,3,3,3,3,3,3,3,3,4,3,4,3,4,3,3,3,3,3,3,3,1,1,2,2,2,1,2,2,2,1,1,2,0,0,0,0,0,0,0,0,0,0,0,0,0,0,0,0,0,0,0,0,0,0,0,0,0,0,0,0,0,0,0,0,0,0,0,0,0,0,0,0
"277",278,"1","6","1",18,3,2,2,3,1,1,1,1,1,1,1,2,1,3,3,3,2,2,2,3,1,2,1,1,0,0,1,0,0,1,1,2,1,2,1,2,0,1,1,0,1,0,0,1,0,0,1,1,1,0,0,0,0,0,0,0,0,0,1,1,1,0,1,0,0,0,2,0,2,0,1,1
"278",279,"1","5","1",19,2,3,3,2,1,1,1,1,1,2,2,2,1,2,2,2,1,1,1,1,1,2,0,0,0,0,2,1,1,0,1,0,3,1,0,1,0,1,1,1,0,0,2,0,0,0,3,0,0,1,0,0,0,0,0,0,1,0,0,2,0,0,1,0,0,1,0,0,1,0,0,0
"279",280,"1","2","2",19,1,2,2,2,2,2,1,1,1,1,2,1,2,1,2,1,1,1,1,1,2,0,0,0,0,0,0,0,0,0,0,0,3,2,0,0,0,0,0,0,0,1,1,1,0,1,1,1,0,3,0,1,1,0,0,0,1,0,1,1,0,0,1,2,1,2,0,0,2,1,0,0
"280",281,"1","5","1",18,3,4,4,4,3,3,2,1,4,3,3,3,3,3,3,2,1,1,1,1,3,2,2,2,1,1,3,3,3,3,3,2,3,3,0,3,2,3,3,2,2,2,3,3,0,0,3,0,1,2,2,1,3,0,2,0,0,0,2,3,0,0,1,0,1,3,0,1,3,2,3,0
"281",282,"1","5","1",18,3,3,3,3,1,2,1,1,1,1,1,3,1,3,3,3,1,2,4,1,2,2,2,2,1,1,2,2,2,1,1,0,0,0,0,2,0,1,1,0,0,0,1,0,0,0,2,0,0,0,0,0,1,0,0,0,0,0,0,0,0,0,0,0,0,0,0,0,1,0,2,0
"282",283,"1","5","1",20,3,2,2,2,3,3,3,3,2,2,2,2,2,2,3,3,3,3,3,3,2,2,2,2,2,2,2,1,2,2,1,2,0,0,1,1,0,0,0,0,0,0,0,0,0,0,0,0,0,0,0,0,0,0,0,0,0,0,0,0,0,0,0,0,0,0,0,0,1,0,0,1
"283",284,"1","5","2",18,3,3,3,3,3,3,3,3,3,3,3,3,3,3,3,3,3,3,3,3,2,2,2,2,2,2,2,2,2,2,2,2,1,1,1,1,1,1,1,1,1,1,1,1,1,1,1,1,1,1,1,1,1,1,1,1,1,1,1,1,1,1,1,1,1,1,1,1,1,1,1,1
"284",285,"1","5","2",19,1,1,1,1,5,5,1,1,5,1,1,1,1,5,5,5,5,5,5,5,0,0,0,0,0,0,0,0,0,0,0,0,0,0,0,0,0,0,0,0,0,0,0,0,0,0,0,0,0,0,0,0,0,0,0,0,0,0,0,0,0,0,0,0,0,0,0,0,0,0,0,0
"285",286,"1","6","1",18,5,5,5,5,1,1,1,1,2,2,4,5,4,5,5,1,1,1,2,1,1,0,1,1,1,1,1,0,1,0,1,0,3,3,2,3,3,3,3,3,0,0,0,3,3,0,3,0,0,0,0,0,1,0,0,0,0,0,2,2,0,0,1,0,0,3,0,0,3,2,3,0
"286",287,"1","5","2",20,1,1,2,2,1,1,1,1,1,1,1,1,1,2,2,1,1,1,1,1,0,0,0,0,0,0,0,0,1,0,0,0,1,0,0,0,0,1,0,0,0,0,1,2,0,0,2,0,1,0,0,0,1,0,0,0,0,0,0,0,0,0,0,0,0,0,0,0,1,0,2,0
"287",288,"1","6","1",18,2,1,1,3,1,1,1,1,1,1,2,4,1,3,3,3,3,2,2,2,2,3,0,0,0,0,0,1,0,2,0,0,1,2,0,1,0,0,1,0,0,3,2,0,0,0,1,0,2,0,0,0,3,0,0,0,0,0,0,2,0,0,0,0,1,2,0,0,0,0,3,0
"288",289,"1","5","1",20,3,2,2,1,2,1,1,1,1,1,1,1,1,1,3,1,1,1,1,1,1,0,0,0,0,0,0,0,0,0,1,0,2,0,0,2,0,3,3,1,3,1,0,0,0,0,3,0,1,0,0,0,2,0,2,0,0,0,2,0,0,0,0,0,0,2,0,0,0,3,2,3
"289",290,"1","6","1",19,1,2,2,2,2,1,1,1,1,1,1,1,2,3,1,2,1,1,1,1,0,0,0,0,1,0,0,0,0,0,0,0,2,1,0,1,3,3,1,0,0,1,0,2,0,0,3,0,0,0,0,0,3,0,0,0,0,0,0,2,0,0,0,0,0,2,0,0,1,1,3,1
"290",291,"1","6","1",19,3,3,1,2,1,1,1,1,1,1,1,3,1,3,2,3,1,1,3,1,0,1,0,0,0,0,0,2,0,1,1,0,1,0,0,3,0,1,1,0,0,0,1,0,0,0,2,0,0,1,0,0,1,0,0,0,0,0,0,0,0,0,0,0,0,1,0,0,1,1,2,0
"291",292,"1","2","2",19,2,2,1,1,4,4,3,3,3,1,1,2,1,5,5,5,3,2,2,5,1,0,0,0,1,1,1,1,2,0,0,0,0,0,0,0,0,0,0,0,1,0,2,0,0,0,3,0,0,0,0,0,1,0,0,0,0,0,0,0,0,0,0,0,0,0,0,0,0,0,0,0
"292",293,"1","5","1",19,3,3,3,3,3,2,2,2,3,2,2,3,1,3,3,3,3,2,2,2,1,2,2,1,0,0,1,1,1,2,2,1,2,1,0,0,0,2,1,0,0,0,3,1,0,0,3,0,0,0,0,0,1,0,0,0,1,0,0,0,0,0,0,1,0,1,0,0,0,0,1,0
"293",294,"1","5","2",18,1,3,3,1,1,1,1,1,1,1,1,1,1,2,2,2,1,1,1,1,0,0,0,0,0,0,0,0,0,0,0,0,0,1,0,0,0,1,1,0,0,0,1,0,0,0,0,0,0,0,0,0,0,0,0,0,0,0,0,0,0,0,0,0,0,0,0,0,0,1,0,0
"294",295,"1","2","2",18,1,1,1,2,1,1,1,1,1,1,1,2,1,2,2,2,1,1,1,1,3,0,0,0,0,0,0,0,0,1,0,0,0,0,0,0,0,0,0,0,0,0,0,0,0,0,0,0,0,0,0,0,0,0,0,0,0,0,0,0,0,0,0,0,0,0,0,0,0,0,0,0
"295",296,"1","2","1",21,1,3,3,4,1,1,1,1,1,1,3,1,1,1,1,1,1,1,1,1,2,1,1,2,1,1,2,2,0,1,1,1,0,0,0,0,0,1,0,0,0,0,0,0,0,0,0,0,0,0,0,0,0,0,0,0,0,0,0,0,0,0,1,0,0,1,0,0,0,0,0,0
"296",297,"1","2","2",21,3,3,3,3,2,2,2,2,2,2,2,2,2,2,2,3,2,3,2,3,2,1,1,2,2,1,1,2,2,2,2,1,2,2,1,1,1,1,1,1,0,0,0,1,1,0,2,0,0,1,0,0,1,0,0,0,0,0,0,0,0,0,0,0,0,1,0,0,1,1,2,0
"297",298,"1","6","1",18,5,2,2,5,3,3,1,1,3,1,2,5,1,5,5,3,3,1,3,1,2,0,0,0,0,0,0,0,0,0,0,0,2,0,0,3,0,2,2,0,0,1,3,0,0,0,2,0,0,0,0,0,0,0,0,0,0,0,0,0,0,0,0,0,0,2,0,0,3,3,2,0
"298",299,"1","5","1",19,4,5,5,5,4,4,4,4,3,3,4,3,2,3,4,2,1,1,2,1,2,2,2,2,2,2,2,2,2,2,2,2,2,2,0,2,2,2,1,3,1,0,1,2,0,0,3,0,1,1,0,0,0,0,2,0,0,0,2,2,1,0,3,1,0,2,0,0,2,0,2,3
"299",300,"1","5","1",20,3,3,2,2,4,4,3,2,2,3,2,2,2,2,3,2,2,2,2,2,0,0,0,0,0,0,0,2,0,0,0,0,3,0,0,0,0,0,0,2,0,0,3,3,0,0,3,1,0,1,0,0,0,0,2,0,0,0,0,0,0,0,0,0,0,2,0,0,0,0,3,1
"300",301,"1","5","2",19,3,4,3,2,3,2,1,1,3,1,2,3,2,3,3,2,2,1,2,3,1,0,0,0,0,0,0,0,0,0,0,0,1,1,0,1,0,1,1,0,3,0,0,0,0,0,1,0,0,0,0,0,1,0,0,0,1,0,1,0,0,0,1,0,0,2,0,1,1,1,1,2
"301",302,"1","6","2",19,2,4,4,4,1,1,1,1,2,3,2,2,2,2,2,2,3,3,3,3,1,2,1,2,1,1,1,2,1,1,2,1,1,0,2,2,0,2,1,0,2,1,1,1,0,0,1,1,1,0,0,0,0,1,1,0,0,0,0,2,0,1,0,0,0,1,2,0,0,0,0,0
"302",303,"1","2","2",23,3,4,3,3,3,2,3,2,3,4,3,2,2,3,4,4,3,4,3,4,2,1,2,2,2,1,2,1,1,2,1,2,2,1,2,2,3,3,2,2,1,2,1,1,2,2,2,2,2,1,1,0,0,1,2,2,2,1,2,2,1,2,1,1,2,1,3,2,2,2,1,1
"303",304,"1","5","2",21,4,5,5,5,3,4,2,2,4,3,4,4,4,5,5,5,5,1,2,5,2,3,1,2,2,1,1,2,2,3,2,2,1,0,0,0,0,1,1,1,0,2,1,1,0,0,2,0,1,1,0,0,0,0,3,1,0,1,0,0,0,1,0,0,0,3,0,2,0,1,2,2
"304",305,"1","5","2",20,2,5,5,5,2,2,1,1,3,3,2,3,3,3,2,3,4,3,3,3,1,0,0,0,1,1,0,0,1,0,0,0,1,1,0,1,0,0,1,0,2,0,0,1,0,0,0,0,0,0,0,0,0,1,0,0,0,0,0,0,0,0,0,0,1,2,0,1,1,0,3,0
"305",306,"1","5","1",19,4,1,2,1,3,3,3,3,1,4,1,3,3,2,3,1,1,1,1,1,2,0,1,1,2,1,2,2,1,1,1,0,0,0,0,0,0,0,0,0,3,0,0,0,0,1,0,1,0,0,0,0,0,0,0,0,0,0,0,0,0,0,2,0,0,0,0,1,1,0,0,0
"306",307,"1","6","3",18,3,3,2,2,1,1,1,1,1,2,2,2,1,3,3,2,1,1,1,1,1,0,0,0,0,0,0,0,0,0,0,0,2,2,1,1,0,3,1,1,2,0,2,2,0,0,1,0,0,1,0,0,2,0,1,1,1,0,0,1,1,0,0,0,0,2,0,0,1,2,2,1
"307",308,"1","2","2",21,1,2,1,2,2,2,2,1,2,1,2,2,1,2,2,1,1,1,1,1,1,1,2,1,2,2,1,1,2,1,1,2,1,0,0,1,0,1,1,1,2,1,1,1,1,0,0,0,0,0,0,0,0,0,2,0,0,0,0,0,0,0,0,0,0,1,0,0,1,1,2,1
"308",309,"1","2","2",20,1,3,3,3,1,1,1,1,1,1,1,1,1,1,1,1,1,1,1,1,0,0,0,0,0,0,0,0,0,0,0,0,0,0,0,1,0,0,2,0,0,0,0,3,0,0,0,0,0,0,0,0,0,0,1,0,0,0,0,0,0,0,0,0,0,0,0,0,0,0,3,0
"309",310,"1","2","2",20,2,1,1,1,2,1,1,1,1,1,1,1,1,3,3,3,1,1,1,1,2,2,1,2,2,2,2,2,1,2,2,2,0,0,0,0,0,0,0,0,0,0,2,0,0,0,0,0,0,2,0,0,1,0,0,0,0,0,0,0,0,0,0,0,0,0,0,0,0,0,0,0
"310",311,"1","5","2",19,1,1,1,1,1,1,1,1,1,1,1,1,1,2,2,1,1,1,1,1,0,0,0,0,0,0,0,0,0,0,0,0,1,0,0,0,0,0,0,0,0,0,0,0,0,0,1,0,0,0,0,0,0,0,0,0,0,0,0,0,0,0,0,0,0,0,0,0,0,0,0,0
"311",312,"1","5","1",18,3,2,2,1,2,2,1,1,1,1,2,4,1,4,3,1,1,2,2,1,1,1,2,1,1,1,2,1,1,1,2,1,2,1,0,1,0,1,1,1,0,0,1,1,0,0,1,1,0,0,0,0,0,0,0,0,1,0,0,0,0,0,0,0,0,1,0,0,1,0,1,1
"312",313,"1","2","1",21,2,3,1,3,1,1,1,1,2,3,4,2,1,3,2,2,1,2,1,1,1,1,1,1,0,0,2,1,1,1,1,1,1,1,0,1,2,0,1,1,0,1,0,3,0,0,1,0,0,0,0,0,1,0,1,0,1,0,1,1,0,0,0,0,0,1,0,0,0,2,3,0
"313",314,"1","2","1",21,3,2,2,2,3,3,2,2,3,4,2,2,1,2,3,2,1,1,1,1,3,3,2,2,2,2,3,3,3,3,3,3,3,3,0,1,0,3,1,1,3,3,1,2,0,1,2,0,1,1,0,0,1,0,1,0,3,0,0,2,3,1,2,1,1,3,1,0,1,2,2,1
"314",315,"1","1","1",21,3,2,1,1,1,1,1,1,1,1,1,2,1,3,3,4,2,2,3,4,3,0,0,0,1,1,0,0,0,0,0,0,2,1,0,1,0,1,1,0,1,1,1,0,1,0,1,0,0,0,0,0,3,0,0,0,0,0,0,0,0,0,0,0,0,3,0,1,2,0,0,1
"315",316,"1","5","1",18,2,2,2,2,1,1,1,1,1,1,1,3,1,2,2,2,1,1,2,2,2,0,0,0,0,0,0,0,0,0,0,0,2,0,0,0,0,1,1,1,1,0,2,1,1,0,0,0,0,0,0,0,3,0,0,0,0,0,0,0,0,0,0,0,0,0,0,0,0,0,2,0
"316",317,"1","5","1",18,2,1,1,1,2,1,1,1,1,1,2,2,1,2,2,3,1,1,1,3,2,1,1,1,1,1,2,2,2,2,1,1,3,0,0,2,1,3,1,0,0,0,1,0,0,1,3,0,1,0,0,0,3,0,0,0,1,0,1,1,0,0,0,0,0,1,0,0,1,0,1,1
"317",318,"1","5","1",18,2,1,1,1,1,1,1,1,1,1,1,2,1,2,2,1,1,1,1,1,1,1,0,0,0,0,0,0,0,0,0,3,0,1,0,0,0,1,0,0,0,0,0,0,0,0,0,0,0,0,0,0,0,0,0,0,0,0,0,0,0,0,0,0,0,0,0,0,0,0,0,0
"318",319,"1","2","1",18,2,3,3,1,1,1,1,1,1,1,1,3,1,3,3,1,1,1,1,1,0,0,0,0,0,0,1,0,0,0,0,0,1,2,0,1,0,3,1,1,0,0,0,1,0,0,3,0,0,1,0,0,0,0,1,0,0,1,0,1,0,0,0,0,0,0,0,0,1,1,1,1
"319",320,"1","5","1",18,2,4,5,4,2,2,2,2,1,2,2,1,1,2,2,1,1,1,1,1,2,0,0,0,2,1,1,2,0,0,0,0,3,2,0,2,1,3,1,0,0,0,1,0,1,0,2,0,0,1,0,0,1,0,2,0,0,0,1,3,0,0,1,0,0,1,0,0,0,0,1,1
"320",321,"1","5","1",18,5,5,5,5,5,5,5,5,5,5,5,5,3,5,5,5,5,4,3,1,3,2,2,2,2,2,2,2,2,2,2,2,3,0,0,0,1,0,0,0,1,0,1,3,0,1,3,0,0,0,0,0,1,0,0,0,0,0,1,0,0,0,0,0,0,0,0,0,0,0,2,0
"321",322,"1","5","1",18,1,1,1,1,1,1,1,1,1,1,1,1,2,2,1,1,1,1,1,1,0,0,0,0,0,0,0,0,0,2,0,0,3,3,0,3,3,0,3,0,3,0,0,3,0,0,3,0,0,3,0,0,3,0,3,0,2,0,0,3,0,0,0,3,0,3,0,0,3,0,1,0
"322",323,"1","2","2",19,2,2,2,2,2,2,2,2,2,2,2,2,2,2,2,2,2,2,2,2,1,1,1,1,1,1,1,1,1,1,1,1,1,1,1,1,1,1,1,1,1,1,1,1,1,1,1,1,1,1,1,1,1,1,1,1,1,1,1,1,1,1,1,1,1,1,1,1,1,1,1,1
"323",324,"1","5","1",20,4,2,3,2,3,3,3,3,2,3,3,3,3,3,3,3,2,2,4,3,3,2,2,2,2,2,2,3,3,2,2,1,0,3,2,2,1,2,1,0,0,0,1,0,0,0,2,0,0,1,0,0,2,0,1,0,3,0,1,2,1,0,1,2,0,0,0,0,3,1,1,0
"324",325,"1","3","2",21,4,2,2,2,3,2,1,1,1,1,1,4,1,4,4,4,3,5,5,3,2,1,1,1,2,2,3,2,2,0,0,1,1,0,2,0,1,2,1,0,1,2,1,3,0,0,3,0,0,1,1,0,0,0,1,0,1,0,0,0,0,0,1,0,0,0,0,0,1,2,1,1
"325",326,"1","3","2",18,3,3,3,3,3,2,3,3,3,3,2,2,3,3,3,3,2,3,2,3,2,2,1,2,1,2,2,2,2,2,2,1,2,1,2,2,2,1,2,2,1,2,2,2,2,1,2,1,2,2,1,2,1,2,2,1,2,2,2,1,2,2,1,2,1,2,2,2,2,2,2,2
"326",327,"1","6","1",19,2,3,4,2,2,1,1,1,1,1,3,3,3,4,4,3,2,1,2,1,0,0,1,0,0,0,0,0,0,0,1,0,2,0,0,1,0,2,0,2,0,0,0,0,0,0,2,0,1,0,0,0,0,0,0,0,0,0,0,0,0,0,1,0,0,2,0,0,1,0,0,1
"327",328,"1","5","2",18,1,1,1,1,1,1,1,1,1,1,1,1,1,2,2,3,1,1,1,1,1,0,0,0,0,0,0,0,0,0,0,0,1,0,0,0,0,0,0,0,0,0,0,0,0,0,0,0,0,0,0,0,0,0,0,0,0,0,0,0,0,0,0,0,0,0,0,0,0,0,0,0
"328",329,"1","5","1",18,3,1,1,1,1,3,1,1,1,1,1,3,1,4,4,1,1,1,3,1,0,0,0,0,0,0,2,1,1,0,0,0,3,1,0,2,0,0,1,0,0,0,3,1,2,0,1,0,2,0,0,0,2,0,0,0,2,0,0,1,0,0,0,0,0,0,0,0,3,0,2,2
"329",330,"1","5","1",19,1,4,2,1,1,1,1,1,2,2,1,2,1,3,3,2,2,3,3,1,2,0,0,0,0,0,2,2,1,0,1,0,1,0,0,0,0,1,0,0,0,0,1,0,0,0,1,0,0,0,0,0,0,0,0,0,0,0,0,0,0,0,0.225442614497437,0,0,0,0,0,0,0,0,0
"330",331,"1","5","1",19,4,3,3,3,1,1,1,1,1,1,3,4,1,3,3,5,2,3,3,4,1,1,2,2,1,1,2,2,1,1,2,2,3,1,1,1,0,1,2,0,2,0,1,1,1,0,2,2,1,0,0,0,1,0,0,0,0,0,1,2,1,0,1,0,0,1,0,0,0,0,1,1
"331",332,"1","2","1",20,1,1,1,1,1,1,1,1,1,1,1,1,1,1,1,1,1,1,1,1,1,1,1,1,1,1,1,1,1,1,1,1,0,0,0,0,0,0,0,0,0,0,0,0,0,0,0,0,0,0,0,0,0,0,0,0,0,0,0,0,0,0,0,0,0,0,0,0,0,0,0,0
"332",333,"1","5","1",23,4,3,1,2,4,3,3,1,3,1,2,4,3,5,4,3,1,2,2,1,2,1,3,2,2,2,3,2,2,2,2,1,3,2,0,1,0,2,1,3,0,1,0,2,1,0,3,1,0,2,0,0,2,1,0,1,1,0,0,3,0,0,0,0,1,3,0,1,1,0,2,1
"333",334,"1","2","2",18,2,3,2,2,1,1,1,1,1,1,2,2,2,2,2,5,4,2,3,2,1,1,1,1,1,1,2,1,1,1,1,1,0,0,0,0,0,1,0,0,0,0,3,0,0,0,1,0,0,1,0,0,0,0,0,0,0,0,0,0,0,0,0,0,0,1,1,0,0,0,0,0
"334",335,"1","5","2",20,2,3,3,3,1,1,1,1,1,2,2,3,3,1,1,2,1,2,3,3,1,0,0,0,0,1,1,0,0,0,0,0,1,1,1,1,0,2,2,0,2,2,1,1,0,1,2,2,2,2,0,0,2,2,2,0,1,0,1,2,2,0,3,2,0,1,1,2,3,3,0,0
"335",336,"1","5","1",21,3,3,3,3,3,3,2,2,2,3,3,3,3,3,3,2,1,2,1,2,2,1,1,1,1,1,1,2,2,2,2,1,1,0,0,0,0,0,1,0,1,0,1,0,0,0,1,1,0,0,0,0,0,0,0,0,0,0,1,0,0,0,0,0,0,0,0,0,1,0,0,0
"336",337,"1","5","1",19,2,3,3,4,2,2,2,2,1,2,3,3,3,3,3,3,2,2,2,2,1,0,1,0,0,0,0,0,0,0,0,0,2,1,0,1,0,0,0,0,1,1,1,1,0,0,0,0,0,0,0,0,1,0,0,0,0,0,1,0,0,0,1,0,0,1,0,2,0,0,1,0
"337",338,"1","2","1",19,4,3,4,3,3,3,2,2,2,1,3,4,1,4,4,4,2,3,1,3,1,1,0,0,1,1,1,2,1,1,1,0,2,1,0,1,0,1,1,0,0,2,1,0,1,0,1,0,0,0,1,0,0,0,0,0,0,0,0,2,0,0,1,0,0,0,0,0,1,0,1,0
"338",339,"1","5","1",18,3,4,4,5,4,4,1,1,2,2,3,3,1,4,3,5,1,4,4,4,1,2,2,2,2,2,1,1,2,1,2,2,1,1,0,2,0,1,2,1,3,1,3,1,0,1,1,0,1,1,0,0,2,0,1,0,1,1,1,1,1,0,1,1,0,1,0,2,3,2,1,2
"339",340,"1","6","2",23,1,1,1,1,1,1,1,1,1,1,1,1,1,1,1,1,1,1,1,1,0,2,0,0,0,0,0,0,0,0,1,0,3,0,0,1,1,0,0,0,0,0,3,3,0,0,1,0,0,1,0,0,1,0,0,0,0,0,0,0,0,0,0,0,1,0,0,0,0,0,1,0
"340",341,"1","2","1",18,3,1,1,1,4,4,3,3,3,2,1,3,1,3,3,3,1,1,1,1,0,0,0,0,0,0,0,0,0,0,0,0,1,0,0,0,0,3,0,0,0,0,0,0,0,0,2,0,0,0,0,0,0,0,0,0,0,0,0,0,0,0,0,0,0,1,0,0,0,0,2,0
"341",342,"1","5","1",19,2,4,4,4,1,1,1,1,1,1,1,3,1,4,4,1,1,2,1,1,0,3,3,1,1,0,1,1,1,0,1,2,0,0,1,0,0,0,0,0,0,0,0,0,0,0,0,0,0,0,0,0,0,0,0,0,0,0,1,1,0,1,0,1,0,3,0,0,0,0,0,0
"342",343,"1","5","2",19,3,3,2,2,2,2,2,2,1,1,1,1,1,3,3,3,3,2,3,3,1,2,1,3,1,0,1,0,1,0,0,1,2,1,1,1,1,1,0,0,1,0,1,1,0,0,0,0,0,0,0,0,0,0,0,0,0,0,0,0,0,1,0,0,0,0,0,0,1,1,1,1
"343",344,"1","3","1",19,3,3,1,2,1,1,1,1,1,1,1,3,1,3,3,2,1,1,1,1,0,0,0,0,0,0,0,0,0,0,0,0,0,0,0,0,0,0,0,0,0,0,1,0,0,0,0,0,0,0,0,0,0,0,1,0,0,0,0,0,0,0,0,0,0,0,0,0,0,0,0,0
"344",345,"1","2","1",21,1,2,1,1,1,1,1,1,1,1,1,1,1,1,1,1,1,1,1,1,0,0,0,0,0,0,0,0,0,0,0,0,0,0,0,0,0,0,0,0,0,0,0,0,0,0,0,0,0,0,0,0,0,0,0,0,0,0,0,0,0,0,0,0,0,1,0,0,0,0,1,0
"345",346,"1","5","1",20,5,2,2,2,3,3,3,3,3,2,2,5,1,5,5,4,3,3,3,2,2,0,0,1,1,1,1,0,0,0,0,0,0,1,0,1,0,0,1,0,1,1,1,0,0,0,0,1,1,0,0,0,1,0,0,0,0,0,0,1,1,0,0,1,0,1,0,1,1,0,1,2
"346",347,"1","5","1",21,5,4,4,3,3,3,1,1,3,4,2,5,2,4,4,4,2,2,3,4,2,0,0,0,2,1,2,1,1,2,1,0,3,2,0,2,0,1,2,0,1,0,0,2,1,0,1,0,0,0,0,0,2,0,0,0,0,0,0,0,1,0,0,0,0,0,0,0,2,1,0,0
"347",348,"1","5","1",18,2,3,3,3,3,3,1,1,3,2,3,3,3,4,5,3,3,3,3,3,3,2,1,1,1,1,2,1,1,1,1,1,3,0,0,0,0,0,1,0,0,0,1,2,1,0,2,0,1,0,0,0,1,0,0,0,0,0,0,0,0,0,0,0,0,1,0,0,0,1,2,0
"348",349,"1","5","1",19,2,1,1,1,1,1,1,1,1,1,1,2,1,2,2,3,2,2,1,2,1,1,0,0,0,0,1,0,0,1,0,0,1,0,0,0,0,2,1,0,2,0,0,0,0,0,3,0,0,1,0,0,1,0,0,0,0,0,1,2,0,0,1,0,0,1,0,0,0,0,1,1
"349",350,"1","5","1",22,2,2,2,2,2,2,2,2,2,2,2,2,2,2,2,1,1,1,2,1,1,1,1,1,1,1,1,1,1,1,1,1,3,1,1,2,1,2,2,1,1,1,1,2,1,1,2,1,1,1,1,1,1,1,1,1,1,1,1,1,1,1,1,1,1,2,1,1,1,1,2,1
"350",351,"1","6","5",23,1,3,1,3,1,1,1,1,1,1,1,1,1,1,1,1,1,1,1,1,0,1.05943431952317,0,0,0,0,0,0,0,0,0,0,1,0,0,0,0,1,0,1,0,0,0,0,0,0,0,0,0,1,0,0,0,0,0,0,0,0,0,0,0,0,0,0,2,2,0,0,0,0,0,2
"351",352,"1","3","2",22,1,2,3,3,3,3,3,3,1,5,4,1,4,3,3,1,1,1,1,1,2,0,1,1,1,0,0,1,1,1,1,0,1,1,0,3,1,1,3,0,3,2,1,1,0,0,2,0,1,1,1,0,0,0,0,0.152140406776133,0,0,2,1,0,1,0,0,0,1,0,0,2,1,1,0
"352",353,"1","5","2",20,3,3,3,3,2,2,2,3,2,3,3,3,3,3,3,1,1,1,1,1,1,2,2,2,2,2,2,2,2,2,2,1,2,3,0,1,0,1,1,0,0,1,1,0,0,0,1,0,0,0,0,0,1,0,0,0,0,0,0,1,0,0,0,0,0,0,0,0,1,0,2,0
"353",354,"1","5","1",23,3,3,3,3,3,3,1,2,1.83181244495932,1.16465290571428,2.05035700685744,3,1.29627694156459,4,4,3,2,2,3,1,2,1,1,2,1,2,1,2,2,1,2,1,3,1,0,0,0,1,1,0,0,1,3,1,0,1,3,0,0,0,0,0,1,0,0,0,0,0,1,1,0,0,0,0,0,1,0,0,2,0,1,1
"354",355,"1","5","1",19,3,3,3,3,3,3,3,3,3,3,3,3,3,3,3,3,3,3,3,3,0,0,0,0,0,0,0,0,0,0,0,0,0,0,0,0,0,0,0,0,0,0,0,0,0,0,0,0,0,0,0,0,0,0,0,0,0,0,0,0,0,0,0,0,0,0,0,0,0,0,0,0
"355",356,"1","5","1",18,3,2,2,2,2,2,2,1,2,1,1,3,1,3,3,3,3,3,3,3,1,0,0,0,0,0,0,0,0,0,0,0,1,0,0,0,0,1,1,0,0,0,1,1,0,0,1,0,0,1,0,0,1,0,1,0,0,0,0,0,0,0,0,0,0,0,0,0,0,1,2,0
"356",357,"1","5","1",21,3,3,3,3,3,3,2,2,3,1,3,3,3,3,3,3,1,2,3,4,2,2,2,1,1,1,0,2,1,2,2,2,1,2,1,2,0,1,2,1,2,1,1,3,0,0,2,0,1,1,1,0,0,0,1,0,1,0,0,2,2,0,1,1,0,1,1,0,2,1,3,1
"357",358,"1","2","2",20,3,1,2,2,2,2,1,1,2,2,2,4,2,3,3,3,1,1,3,3,0,0,0,0,0,0,0,0,0,0,0,0,2,2,0,1,1,0,2,0,0,1,0,0,1,0,1,0,0,1,0,0,0,0,0,0,1,0,0,1,0,0,0,0,0,0,0,0,2,0,1,0
"358",359,"1","5","1",19,5,2,2,3,2,1,1,1,3,1,1,5,1,5,5,1,1,1,1,1,3,1,1,1,2,2,2,3,3,1,0,1,0,1,1,3,2,1,2,0,2,1,0,1,0,0,2,1,0,0,3,0,0,0,0,0,0,2,2,2,0,0,2,0,0,0,0,0,0,1,1,0
"359",360,"1","5","1",18,3,1,2,1,1,1,1,1,1,1,1,3,1,2,2,3,2,2,3,3,2,2,1,1,0,0,2,2,2,1,1,1,3,3,0,3,2,0,2,1,0,1,0,2,0,0,2,0,1,0,1,0,1,0,0,1,0,1,1,1,0,0,0,0,0,1,1,0,2,0,2,0
"360",361,"1","5","2",20,5,3,4,5,4,3,1,1,1,1,3,5,1,5,5,5,5,1,1,5,2,1,2,1,2,3,3,1,1,0,1,2,3,2,0,0,0,1,1,1,1,0,1,1,0,0,0,0,0,0,0,0,0,0,0,0,0,0,1,0,0,0,0,0,0,1,0,1,0,0,1,1
"361",362,"1","6","1",20,3,1,1,3,2,2,1,1,2,1,1,3,1,3,3,4,4,4,2,3,2,1,1,1,1,1,1,1,1,1,1,1,3,2,0,0,1,3,0,1,0,0,0,3,0,0,2,0,0,2,0,0,1,0,1,0,0,0,0,0,0,0,0,0,0,1,0,0,0,0,2,0
"362",363,"1","5","1",18,4,3,3,3,2,2,2,2,1,4,4,4,4,4,4,4,1,1,2,4,2,0,0,0,1,1,1,0,0,0,0,0,3,0,0,0,0,2,0,0,1,0,2,0,0,0,3,0,0,3,0,0,0,0,0,0,0,0,0,0,0,0,0,0,0,0,0,0,0,0,0,0
"363",364,"1","5","1",19,5,3,3,3,2,2,1,1,1,3,5,4,5,5,5,5,4,3,3,2,1,1,1,1,2,2,1,2,1,2,1,1,1,0,0,2,0,3,2,0,2,0,1,0,2,3,0,0,0,1,0,0,0,0,0,0,0,0,1,1,0,0,1,0,0,0,0,1,1,0,1,0
"364",365,"1","5","2",21,2,2,2,2,2,3,2,2,2,2,2,3,2,4,3,4,3,2,2,2,1,2,1,1,0,0,0,1,0,0,0,0,1,0,0,1,0,2,2,1,0,2,0,0,0,0,2,0,0,1,0,0,0,0,0,0,0,0,0,0,0,0,0,0,0,0,0,0,1,2,2,0
"365",366,"1","5","2",20,2,4,2,4,1,1,1,1,1,1,1,1,1,3,3,3,2,1,1,2,0,0,0,0,0,0,1,0,1,1,0,0,1,0,2,0,0,0,0,0,0,1,0,0,0,0,0,0,0,0,0,0,0,0,0,0,0,0,0,0,0,0,0,0,0,0,0,0,0,0,0,0
"366",367,"1","5","1",18,4,3,3,3,3,3,2,2,2,1,1,4,1,4,4,4,4,4,4,4,1,2,0,0,3,2,1,0,0,0,0,2,2,2,2,0,0,2,0,0,0,1,2,2,0,0,3,1,0,1,0,0,0,2,0,0,3,0,0,1,0,0,1,2,0,3,0,2,0,2,2,1
"367",368,"1","2","1",20,4,4,3,2,3,2,2,2,3,3,4,3,3,5,5,5,4,5,5,5,2,2,2,3,2,2,3,2,3,3,3,2,1,3,3,3,3,3,3,3,3,1,1,2,3,3,3,3,0,3,2,0,2,0,3,2,3,0,2,3,1,0,3,3,3,3,3,3,3,3,3,0
"368",369,"1","5","2",21,3,1,2,1,2,2,1,1,1,1,1,2,1,5,3,3,1,2,1,3,1,0,1,1,0,0,2,0,0,0,0,0,0,1,2,2,0,2,2,0,0,0,0,2,0,0,3,0,0,1,0,0,2,0,0,0,0,0,2,1,0,0,1,0,0,0,0,1,2,0,1,0
"369",370,"1","5","1",18,3,3,3,4,2,2,2,2,2,3,1,3,1,3,3,3,4,4,4,3,3,1,0,0,2,2,3,3,3,2,2,0,3,3,3,3,1,3,3,3,1,0,1,3,2,0,3,3,0,1,1,0,3,2,3,2,1,1,2,2,0,0,1,1,1,3,0,3,3,1,3,3
"370",371,"1","2","1",21,3,4,4,4,1,1,1,1,1,1,2,4,3,3,3,1,1,1,3,1,0,0,0,0,0,0,0,0,0,0,0,0,0,0,0,0,0,0,0,0,0,0,0,0,0,0,0,0,0,0,0,0,0,0,0,0,0,0,0,0,0,0,0,0,0,0,0,0,0,0,0,0
"371",372,"1","5","2",19,1,1,1,1,2,2,1,1,1,1,1,1,1,1,1,3,3,1,2,1,1,0,0,0,0,0,0,0,0,0,0,0,1,1,0,0,0,1,0,0,0,0,3,2,0,0,1,0,0,1,0,0,0,0,0,0,0,0,0,1,0,0,0,0,0,1,0,0,0,0,2,0
"372",373,"1","5","1",18,3,2,2,1,2,2,1,1,2,3,2,2,1,3,3,3,2,3,2,3,2,1,0,0,1,0,2,2,1,0,0,1,1,1,0,0,0,0,0,0,0,0,0,0,0,0,0,0,0,0,0,0,1,0,0,0,0,0,1,0,0,0,0,0,0,0,0,0,0,0,0,0
"373",374,"1","5","1",18,5,5,5,5,1,1,1,1,1,1,1,4,1,4,4,3,1,1,1,1,3,2,2,2,3,3,3,2,3,3,3,2,0,2,1,2,0,3,3,2,0,0,3,2,1,0,3,1,0,0,1,0,2,0,3,0,0,0,0,0,0,0,0,0,0,2,0,0,1,0,3,0
"374",375,"1","2","1",21,3,3,2,3,3,3,4,3,3,2,3,3,3,3,3,2,3,4,3,4,2,1,2,2,1,2,2,2,2,1,1,2,2,0,0,0,0,0,0,0,0,0,0,0,0,0,0,0,0,0,0,0,0,0,0,0,0,0,0,0,0,0,0,0,0,1,0,1,0,0,0,0
"375",376,"1","5","2",18,1,1,2,1,2,1,1,2,1,1,1,2,1,2,3,4,2,1,1,2,0,0,0,0,0,0,0,0,0,0,0,0,2,1,0,0,0,2,1,0,0,0,1,2,0,0,3,0,0,0,0,0,0,0,0,0,0,0,1,1,0,0,1,0,0,0,0,0,0,0,1,0
"376",377,"1","6","1",21,4,3,3,3,3,2,1,1,1,1,1,4,1,5,5,3,2,2,1,1,1,3,1,2,0,0,1,1,1,2,2,2,1,1,0,1,0,1,1,1,2,0,0,1,0,0,2,0,1,1,0,0,0,0,0,0,0,0,0,0,1,0,2,1,0,0,0,0,1,0,1,1
"377",378,"1","5","2",19,3,3,1,2,2,2,1,1,1,1,1,3,1,2,2,1,1,1,1,1,1,0,0,1,0,0,0,0,0,0,0,0,1,0,1,0,0,0,1,0,0,0,0,2,0,0,0,0,0,0,0,0,0,0,1,0,0,0,0,0,0,0,0,0,0,0,0,0,1,0,1,1
"378",379,"1","5","1",18,1,1,1,1,2,3,1,1,1,1,1,1,1,1,1,1,1,1,1,1,0,1,0,0,0,0,0,0,0,0,0,0,2,0,0,0,0,1,0,0,0,0,0,0,0,0,0,0,0,0,0,0,0,0,0,0,0,0,0,0,0,0,0,0,0,0,0,0,0,0,0,0
"379",380,"1","1","1",18,4,5,5,5,3,4,4,4,3,4,5,4,1,4,4,4,4,5,4,4,0,0,0,0,0,0,1,0,0,0,0,0,2,1,0,1,1,3,2,2,1,0,1,1,0,1,2,1,0,0,0,0,2,0,0,0,2,0,1,0,0,0,1,0,0,1,1,0,1,3,2,0
"380",381,"1","5","1",19,4,1,2,3,3,3,2,1,3,1,2,3,1,3,3,2,2,1,1,2,3,2,0,0,0,0,1,1,1,1,1,0,1,0,0,0,2,1,1,0,0,0,2,2,0,0,1,0,0,1,0,0,1,0,3,0,0,0,1,0,0,0,0,0,0,3,0,1,0,0,1,0
"381",382,"1","5","1",18,3,2,2,3,5,5,5,5,4,4,4,3,4,3,3,4,4,4,4,4,0,2,3,3,2,2,3,3,3,3,3,2,3,1,1,1,0,0,0,1,0,1,1,3,1,1,3,3,1,0,0,0,0,1,0,0,0,0,0,0,0,0,1,0,0,1,3,1,1,0,2,0
"382",383,"1","5","1",19,3,3,3,3,2,3,3,3,3,3,3,3,3,3,3,3,3,3,3,3,2,1,1,1,1,1,1,1,1,1,1,1,3,1,0,0,0,2,2,1,0,0,0,3,1,0,1,0,0,1,0,0,1,0,2,0,0,0,1,0,0,0,1,0,0,2,0,0,2,2,2,0
"383",384,"1","2","1",20,1,1,1,1,1,1,1,1,1,1,1,1,1,1,1,1,1,1,1,1,2,1,1,1,2,2,2,1,2,1,2,1,3,1,0,2,3,3,3,3,0,0,3,0,1,1,3,0,0,0,0,0,3,0,0,2,1,1,1,1,0,0,3,2,1,2,0,0,2,2,3,0
"384",385,"1","2","1",19,4,5,5,5,5,5,5,5,5,5,5,4,5,3,4,4,4,3,4,4,2,1,2,2,1,2,2,2,1,2,2,2,3,3,1,3,3,3,3,2,1,2,2,3,1,2,3,0,1,2,3,1,3,0,2,0,1,0,3,2,0,0,2,0,0,2,0,0,3,2,3,2
"385",386,"1","5","2",20,3,2,2,3,3,3,1,1,3,1,1,3,2,3,3,4,3,1,1,1,1,2,1,1,1,1,1,1,1,2,1,2,1,0,0,0,0,0,0,0,0,0,0,1,0,0,0,0,0,0,0,0,0,0,0,0,0,0,0,0,0,0,0,0,0,1,0,0,0,0,1,0
"386",387,"1","5","1",20,3,3,3,3,2,2,1,2,3,2,2,3,2,4,4,3,3,3,2,2,2,2,2,1,1,1,2,2,1,1,1,1,1,0,0,0,0,1,0,0,0,0,1,0,0,0,1,0,0,0,0,0,0,0,0,0,0,0,0,0,0,0,0,0,0,1,0,0,0,0,0,0
"387",388,"1","4","1",18,4,2,1,3,1,1,1,1,1,1,2,3,1,3,3,2,1,1,1,1,1,0,0,0,0,0,0,0,0,0,0,0,3,1,0,2,0,1,1,0,1,1,0,1,1,0,2,0,0,1,0,0,0,0,1,0,1,0,2,2,1,0,2,1,0,0,0,0,2,1,0,1
"388",389,"1","6","2",23,3,5,5,5,5,5,1,1,1,1,2,5,1,2,2,3,1,1,1,1,2,1,0,0,0,0,1,2,1,0,0,0,1,0,0,2,0,1,1,0,2,0,0,1,0,0,1,0,2,0,0,0,3,0,0,0,0,0,1,0,0,0,0,0,0,0,0,2,1,0,1,1
"389",390,"1","5","2",20,2,1,2,1.84016873724486,3,2,1,1,1,2,2,1,1,1,1,4,3,2,1,3,0,0,0,0,0,0,0,0,0,0,0,0,2,0,0,0,0,2,0,0,0,0,1,0,0,0,2,1,0,0,0,0,2,0,0,0,0,0,0,0,0,0,1,0,0,2,0,0,0,0,0,0
"390",391,"1","2","1",19,1,2,2,1,1,1,1,1,1,1,2,1,2,1,1,2,1,1,3,2,0,0,0,0,0,0,0,0,0,0,0,0,2,0,0,3,1,3,2,0,0,0,0,2,1,0,3,0,0,0,0,0,2,0,0,0,0,0,0,1,0,0,1,0,0,0,0,0,2,0,2,0
"391",392,"1","5","2",19,1,1,1,1,1,1,1,1,1,1,1,1,1,1,1,1,1,1,1,1,0,0,0,0,0,0,0,0,0,0,0,0,0,0,0,0,0,0,0,0,0,0,1,0,0,0,0,0,0,0,0,0,0,0,0,0,0,0,0,0,0,0,0,0,0,0,0,0,0,0,0,0
"392",393,"1","5","1",18,3,3,3,3,3,3,3,3,2,2,2,2,2,3,3,3,3,3,3,3,3,1,1,1,2,2,1,1,2,2,2,1,3,2,2,1,1,1,1,1,0,1,0,2,2,0,3,0,1,1,2,2,2,2,0,1,1,1,1,1,1,2,1,0,1,2,1,0,1,1,2.4332143403579,0
"393",394,"1","5","1",20,3,1,1,1,3,3,1,1,3,1,1,3,1,3,2,3,1,1,1,1,3,3,2,2,0,0,3,3,3,3,3,1,3,3,0,0,0,2,0,0,0,0,2,0,0,0,3,0,0,0,0,0,2,0,2,0,0,0,0,0,0,0,0,0,1,3,0,0,0,0,2,0
"394",395,"1","5","2",19,1,1,1,1,1,1,1,1,1,1,1,1,1,1,1,1,1,1,1,1,0,0,0,0,0,0,0,0,0,0,0,0,1,1,0,0,0,0,0,0,0,0,1,0,0,0,0,0,0,0,0,0,0,0,0,0,0,0,0,0,0,0,0,0,0,1,0,0,0,0,0,0
"395",396,"1","5","2",18,1,3,3,4,2,1,1,1,1,2,2,4,3,4,4,3,3,2,2,1,1,0,0,0,0,0,1,0,0,0,0,0,3,1,0,1,0,3,1,3,2,1,0,3,0,0,2,2,1,0,0,0,0,0,1,1,0,0,0,0,0,0,0,0,0,1,0,0,1,1,0,2
"396",397,"1","5","1",20,5,3,2,3,5,5,3,3,5,2,4,5,2,5,5,4,2,2,4,2,2,2,1,2,2,2,2,1,2,2,2,2,1,0,0,0,0,1,0,0,0,0,2,0,0,0,3,0,0,1,0,0,1,0,1,0,0,0,0,0,0,0,0,0,0,1,0,0,0,0,1,0
"397",398,"1","5","1",18,5,5,5,5,3,2,1,1,2,3,5,5,4,5,5,5,2,1,2,3,1,0,0,0,1,0,0,0,0,0,0,0,1,1,0,3,1,3,3,1,0,1,3,2,1,1,3.26227948581835,0,0,1,0,0,1,0,0,0,2,0,3,2,0,1,3,0,0,1,0,0,2,3,1,0
"398",399,"1","5","1",18,4,4,3,3,5,5,3,3,2,2,5,4,3,4,4,3,2,3,3,3,2,2,1,2,2,2,1,3,2,1,2,1,3,2,0,3,3,3,1,2,3,0,2,3,2,0,3,0,1,1,0,0,3,0,1,1,0,0,1,1,0,0,0,0,0,2,0,0,0,0,3,0
"399",400,"1","5","1",21,2,1,2,1,2,2,2,2,1,1,1,2,1,2,2,1,1,1,1,1,1,1,1,1,2,2,1,1,1,1,1,1,1,3,0,3,3,3,3,2,1,0,0,2,1,3,3,3,0,0,3,0,3,3,2,0,2,2,3,3,0,0,3,2,1,0,0,0,3,3,3,2
"400",401,"1","5","1",18,3,3,3,3,3,3,3,3,3,3,3,3,3,3,3,3,3,3,3,3,1,1,1,1,1,1,1,1,1,1,1,1,2,1,0,0,0,0,0,0,0,0,0,1,0,0,0,0,0,0,0,0,0,0,0,0,0,0,0,0,0,0,0,0,0,1,0,1,0,2,2,0
"401",402,"1","5","2",21,1,1,1,1,4,4,4,4,1,3,2,1,1,1,1,5,5,1,2,1,1,0,0,0,0,0,1,1,0,0,1,0,0,0,0,2,1,2,1,0,0,0,1,2,0,0,3,0,0,1,0,0,0,0,0,0,0,0,3,0,0,0,0,0,0,0,0,0,3,0,1,3
"402",403,"1","5","1",20,2,3,2,3,3,3,4,2,1,2,2,1,2,2,2,1,1,1,2,2,3,2,2,2,1,1,2,2,2,3,3,1,1,2,0,2,0,1,2,0,2,0,0,0,0,0,3,0,1,0,0,0,1,0,0,0,1,0,0,1,1,0,0,0,0,0,0,0,2,0,0,0
"403",404,"1","5","2",18,3,2,5,3,2,2,2,2,1,1,1,3,1,1,3,2,1,1,1,3,2,2,1,1,2,1,1,1,2,1,1,2,1,0,0,0,3,3,0,0,0,3,0,3,0,0,3,0,1,1,1,0,0,0,0,1,3,0,0,0,0,1,1,2,1,0,0,0,0,1,2,0
"404",405,"1","5","1",18,2,1,1,1,2,2,1,1,1,1,1,2,1,2,2,3,1,1,1,2,0,0,0,0,0,0,0,0,0,0,0,0,3,2,0,1,1,2,1,1,0,1,2,2,0,0,3,0,0,1,1,0,3,0,0,0,0,2,0,0,0,0,0,0,0,2,0,0,3,1,3,0
"405",406,"1","5","1",20,5,4,3,4,4,3,2,2,3,2,4,4,1,3,3,4,3,3,2,3,3,3,1,1,2,2,3,3,2,3,3,2,2,2,0,1,2,2,2,1,1,3,0,3,1,2,3,0,1,1,0,0,2,0,0,0,1,0,1,2,0,0,0,0,0,1,0,1,1,2,3,1
"406",407,"1","5","2",20,3,4,3,3,3,3,3,3,3,3,3,3,3,3,3,3,3,2,3,3,1,0,1,0,1,1,1,1,0,1,2,1,1,1,0,1,0,1,1,0,3,1,0,1,0,0,0,0,0,0,0,0,0,0,0,0,0,0,0,0,0,0,0,0,0,0,0,0,3,0,1,0
"407",408,"1","5","2",19,3,2,1,1,3,2,1,1,1,2,2,3,1,3,3,2,2,2,2,2,1,0,0,0,2,2,1,2,1,0,1,0,1,0,0,1,0,1,0,0,2,0,1,2,0,0,1,0,0,0,0,0,1,0,0,0,0,0,1,0,0,0,0,0,0,1,0,0,1,0,0,0
"408",409,"1","5","2",19,2,1,2,1,1,1,1,1,1,1,1,2,1,2,2,2,1,1,1,1,0,0,1,2,0,1,2,1,1,0,2,1,0,3,2,3,0,3,3,0,2,3,0,3,0,0,3,0,0,1,2,0,2,1,0,0,0,0,1,0,0,0,1,1,0,0,0,1,3,3,3,0
"409",410,"1","5","1",19,4,3,4,3,3,3,2,1,1,1,1,4,2,4,4,3,3,3,1,2,1,1,1,1,1,1,2,2,2,1,2,0,2,1,0,2,0,3,3,1,1,0,3,3,0,2,3,0,0,0,0,0,1,0,1,0,0,1,3,2,1,0,0,0,0,1,0,1,3,0,2,2
"410",411,"1","2","1",20,1,1,1,1,1,1,1,1,2,3,3,1,3,1,1,1,2,1,1,2,1,1,1,2,1,1,1,2,1,1,2,1,0,0,0,0,1,0,0,1,0,1,1,0,0,0,1,0,0,0,0,0,0,0,0,0,0,0,0,0,0,0,0,0,1,1,0,0,0,0,1,0
"411",412,"1","5","1",18,3,1,1,1,2,1,1,1,1,1,1,2,1,3,3,3,2,1,1,1,2,2,0,0,0,0,1,1,0,0,0,0,3,0,0,0,0,1,0,0,0,0,0,0,0,0,0,0,0,1,0,0,0,0,2,0,0,0,0,0,0,0,0,0,0,0,0,0,0,0,0,0
"412",413,"1","5","1",18,4,5,5,5,4,4,3,3,3,3,4,3,4,5,5,4,5,5,5,5,3,1,0,0,2,2,2,1,2,1,2,0,2,1,0,1,1,2,2,1,1,0,1,1,1,2,2,0,0,1,0,0,1,0,0,0,0,0,1,1,0,0,1,0,0,1,0,0,1,1,1,1
"413",414,"1","5","1",20,5,2,1,1,3,3,1,1,3,1,3,5,1,5,5,5,4,4,4,3,2,0,0,0,2,1,1,1,1,0,0,0,3,3,0,3,0,3,3,0,3,0,1,3,0,0,3,0,0,0,1,0,3,0,1,0,0,0,0,1,0,0,2,1,1,1,0,0,3,2,3,0
"414",415,"1","5","1",19,1,1,1,1,1,1,1,1,1,1,1,1,1,1,1,1,1,1,1,1,1,0,0,0,0,0,0,0,0,0,0,0,1,0,0,0,0,0,0,0,0,0,0,0,0,0,0,0,0,0,0,0,0,0,0,0,0,0,0,0,0,0,0,0,0,0,0,0,0,0,1,1
"415",416,"1","2","1",19,3,3,2,3,3,2,1,1,2,3,2,2,2,3,3,3,1,1,1,1,2,2,0,0,1,0,1,1,1,1,1,0,1,1,0,1,0,2,0,0,0,0,1,3,0,2,1,0,1,2,0,0,3,0,3,0,0,0,0,1,2,0,0,1,0,0,0,0,1,0,3,0
"416",417,"1","5","2",23,1,3,1,2,1,1,1,1,1,1,1,1,1,1,1,1,1,1,1,1,0,0,0,0,0,0,0,0,0,0,0,0,3,2,0,2,0,2,3,0,0,2,2,3,0,0,3,2,0,2,0,0,1,0,1,0,0,0,1,3,0,0,0,1,0,0,0,0.316556267100069,2,2,3,3
"417",418,"1","3","1",22,3,2,2,1,3,3,2,2,1,1,2,3,1,3,3,3,2,3,1,2,2,0,1,2,1,1,1,1,1,2,2,0,1,1,1,2,2,2,2,1,1,2,2,1,2,0,2,0,0,2,0,0,2,0,2,0,1,0,0,2,0,0,1,0,0,2,0,0,2,0,2,1
"418",419,"1","5","1",21,3,4,4,4,3,3,1,2,4,5,5,3,5,3,3,2,3,2,2,3,2,2,2,2,1,2,2,1,1,1,1,2,0,0,0,0,0,1,0,0,3,2,3,0,1,1,3,0,1,3,0,0,0,0,0,0,0,0,1,0,3,0,0,0,0,0,0,0,0,0,0,0
"419",420,"1","5","1",19,3,1,2,2,3,3,1,1,2,1,1,2,1,2,2,3,1,1,2,1,1,2,1,1,1,1,2,2,2,3,2,2,2,1,0,1,0,2,2,0,0,1,3,2,1,0,3,0,0,0,0,0,0,0,0,0,0,0,1,2,0,0,0,0,3,1,0,0,2,3,3,2
"420",421,"1","5","2",19,2,1,2,1,1,1,1,1,1,1,1,2,1,2,3,2,1,2,2,3,0,0,0,0,1,1,1,1,0,0,0,0,1,2,0,2,0,3,1,0,2,2,1,0,0,0,0,0,1,1,0,0,0,0,0,0,0,0,0,2,0,0,0,1,0,0,0,0,2,2,0,0
"421",422,"1","5","2",19,2,4,3,2,2,1,1,1,1,1,1,2,1,2,2,3,2,3,3,2,0,0,0,0,0,0,0,1,0,1,1,0,1,0,0,1,0,1,1,0,0,0,1,0,0,0,2,0,0,1,0,0,0,0,3,0,0,1,0,1,0,0,1,0,1,1,0,0,1,2,1,1
"422",423,"1","5","1",21,2,3,2,3,3,3,1,2,2,1,2,2,1,1,3,2,1,1,1,1,2,2,1,1,0,1,1,2,1,0,2,0,2,0,0,1,0,0,2,0,0,0,3,0,0,0,3,0,0,0,0,0,0,0,0,0,0,0,2,0,0,0,1,0,0,1,0,0,1,0,0,0
"423",424,"1","6","1",18,3,3,3,2,2,2,2,3,3,1,3,4,1,3,3,1,1,1,1,1,1,0,0,0,0,0,0,0,0,0,0,0,1,0,0,1,1,1,1,1,0,0,2,0,1,0,2,0,0,0,0,0,0,0,0,0,1,0,0,0,0,0,0,0,0,2,0,0,0,0,1,0
"424",425,"1","5","2",18,2,3,3,1,1,1,1,1,1,1,2,3,1,1,2,1,2,1,1,1,0,0,0,0,0,0,0,0,0,0,0,0,0,0,0,0,0,0,1,0,0,0,0,0,0,0,0,0,0,0,0,0,0,0,0,0,0,0,0,0,0,0,0,0,0,0,0,0,0,0,0,0
"425",426,"1","6","1",21,4,4,2,3,3,2,3,3,2,5,5,4,5,4,4,4,2,2,2,2,2,2,2,2,1.81465440354551,2,2,2,3,2,2,2,1,2,0,2,2,2,2,1,0,0,2,1,2,0,1,0,0,0,0,0,2,0,0,0,0,0,1,0,1,0,1,0,0,1,0,0,1,2,2,1
"426",427,"1","6","2",19,3,3,3,4,5,5,4,3,3,4,4,3,4,3,3,4,2,1,1,1,2,3,1,2,2,2,3,2,3,3,3,1,1,1,0,2,1,1,2,1,2,2,0,0,0,0,1,0,1,2,1,1,0,0,0,0,2,1,0,0,0,0,2,2,0,3,0,0,2,3,0,0
"427",428,"1","6","1",19,5,5,5,5,5,5,5,5,5,4,5,5,3,5,5,5,5,5,5,5,1,1,1,1,2,2,1,2,2,0,0,1,3,1,1,3,1,3,3,3,3,2,3,0,1,3,3,3,2,1,0,0,3,0,0,0,0,1,1,3,3,0,3,0,1,3,2,2,3,3,3,1
"428",429,"1","5","2",19,3,4,4,1,1,1,2,2,1,1,1,2,1,3,3,3,2,2,4,2,0,0,0,0,0,0,0,0,0,0,0,0,3,3,0,3,2,2,2,1,1,3,0,3,0,0,3,0,1,2,0,1,3,0,1,1,3,0,1,3,2,2,3,1,0,0,2,0,3,1,3,3
"429",430,"1","6","2",20,4.29953400183802,5,5,5,3,3,4,4,3,5,5,4.64124922777292,5,4.23221819872134,4.50211202154361,5,5,5,5,5,1,3,2,0,0,1,2,1,1,2,2,3,3,2,3,3,3,3,3,0,3,1,3,3,0,3,3,1,1,2,3,2,3,3,2,1,2,1,3,2,3,3,3,3,0,3,3,3,2,3,3,1
"430",431,"1","5","1",18,2,3,3,2,2,2,1,1,1,1,2,2,2,2,3,2,2,3,1,2,1,1,2,2,1,1,2,2,1,1,2,1,2,2,0,1,0,1,1,0,0,0,1,0,1,1,1,0,0,1,0,0,0,0,0,0,0,0,1,1,0,0,0,0,0,1,0,0,1,1,0,0
"431",432,"1","5","1",18,2,2,1,2,1,1,1,1,1,1,1,1,1,1,1,1,1,1,1,1,0,0,0,0,0,0,0,0,0,0,0,0,2,2,0,1,0,2,1,1,1,1,2,0,1,0,2,0,0,1,0,0,0,0,0,0,0,0,1,1,0,0,2,0,0,0,0,0,1,1,0,0
"432",433,"1","2","2",18,3,3,3,1,2,2,2,2,2,2,2,3,2,3,3,3,4,2,2,3,0,0,0,0,0,0,0,0,0,0,0,0,2,0,0,0,0,1,0,0,1,0,0,0,0,0,0,0,0,0,0,0,0,0,0,2,0,0,0,0,0,0,0,0,0,2,1,0,0,0,0,0
"433",434,"1","5","1",18,2,3,3,1,1,1,1,1,3,3,3,2,3,2,2,2,1,1,2,1,1,1,1,1,0,1,1,2,1,0,0,0,2,0,1,1,2,2,0,0,0,2,1,3,0,0,0,0,0,0,0,0,0,0,0,0,0,0,1,0,0,0,0,0,0,0,0,0,1,0,1,0
"434",435,"1","5","2",20,2,3,2,3,1,1,1,1,1,1,1,2,1,2,2,2,2,2,2,2,0,0,0,0,1,0,1,0,0,0,0,0,0,0,0,0,0,2,1,0,1,0,0,0,0,0,1,0,0,1,0,0,0,0,1,0,0,0,0,0,0,0,2,0,0,1,0,1,0,0,3,1
"435",436,"1","5","1",18,4,3,3,3,4,3,3,3,3,3,2,4,3,4,4,3,2,3,4,3,2,2,1,1,1,1,2,1,1,1,2,1,2,2,1,3,3,3,2,1,1,1,1,2,0,1,2,0,1,0,0,0,2,0,1,0,0,0,0,0,0,0,0,1,0,2,0,1,3,3,3,1
"436",437,"1","5","1",18,2,3,2,3,2,2,2,2,2,1,2,2,1,2,2,2,1,1,1,1,0,0,0,0,0,0,0,0,0,0,0,0,2,2,0,1,1,3,1,1,1,0,1,3,0,0,3,0,1,1,0,0,1,0,2,0,0,0,0,1,0,0,0,0,1,2,0,1,1,0,3,1
"437",438,"2","5","2",23,3,3,2,2,1,1,1,1,1,1,2,2,1,3,3,4,3,3,3,3,0,0,0,0,0,0,0,0,0,0,0,0,1,0,0,0,2,1,1,0,1,0,3,1,0,0,1,0,0,0,0,0,0,0,0,0,0,0,0,0,0,0,0,0,0,0,0,0,0,0,1,0
"438",440,"2","6","1",19,3,1,1,1,2,2,1,1,1,1,1,3,1,4,4,3,2,1,3,2,0,2,0,0,1,0,0,0,0,2,2,2,0,3,0,3,0,3,3,0,2,0,3,0,2,3,2,0,1,2,0,0,3,0,1,1,3,0,1,3,0,0,0,1,0,3,0,0,3,3,2,3
"439",441,"2","2","1",18,3,1,2,2,2,1,1,1,2,1,1,3,1,3,3,1,1,1,2,1,2,1,2,1,0,0,2,0,0,0,0,0,3,0,0,3,0,1,2,1,0,0,1,0,0,0,2,0,0,0,0,0,1,0,1,0,1,1,0,2,0,0,0,0,0,0,0,0,3,0,1,0
"440",442,"2","2","1",20,1,1,1,1,1,1,1,1,1,1,1,1,1,1,1,1,1,1,1,1,1,0,0,0,0,0,0,0,0,0,0,0,0,0,0,1,0,0,0,1,0,1,0,0,0,0,0,0,0,0,0,0,0,0,0,0,0,0,0,1,0,0,0,0,0,0,0,0,1,0,0,0
"441",443,"2","1","1",18,3,1,1,3,1,1,1,1,1,3,1,3,1,3,3,2,3,3,3,3,1,0,3,3,1,2,3,3,3,2,2,1,1,1,0,0,0,1,2,0,2,0,0,0,0,2,3,0,1,1,1,0,0,0,0,0,0,0,2,0,1,1,0,1,0,1,1,0,0,0,0,0
"442",444,"2","5","2",21,3,2,1,1,3,2,2,2,1,1,2,3,2,3,3,3,4,2,2,2,1,0,0,0,0,0,0,0,0,0,0,0,0,0.774002940784763,2,0,0,1,0,0,1,1,1,1,0,0,1,1,0,0,0,0,1,0,0,0,0,0,0,0,0,1,1,0,0,0,0,0,0,2,1,1
"443",445,"2","6","1",20,5,5,3,3,1,2,1,1,1,1,3,2,3,2,2,5,3,1,2,2,2,1,3,3,2,2,3,0,0,0,0,2,1,0,0,1,2,2,1,0,1,3,1,3,0,0,3,0,0,1,0,0,2,1,0,0,0,3,2,1,0,0,3,0,1,2,2,0,0,3,3,3
"444",446,"2","5","1",18,3,4,3,3,2,2,3,3,1,2,3,3,2,3,2,3,2,1,1,4,1,2,3,2,2,1,1,3,2,2,2,1,1,0,0,1,0,1,2,0,1,0,0,1,0,2,3,0,0,0,0,0,1,0,1,0,0,0,2,1,0,0,0,0,0,0,0,0,1,1,0,0
"445",447,"2","6","2",19,1,1,1,1,2,2,1,1,2,1,1,1,1,2,3,3,3,1,2,1,0,0,0,0,0,0,0,0,0,0,0,0,1,0,0,0,0,1,0,0,0,0,3,1,0,0,3,0,0,2,0,0,1,0,1,0,0,0,0,0,0,0,0,0,0,1,0,0,0,0,2,0
"446",448,"2","5","1",19,3,3,2,2,2,1,1,1,1,3,2,3,2,3,3,1,1,1,1,1,1,1,1,1,1,1,1,1,1,1,1,1,3,1,0,2,1,3,2,1,0,1,0,3,0,0,3,0,0,3,0,0,2,0,0,0,1,0,2,2,0,2,2,3,0,2,0,0,2,0,3,0
"447",449,"2","5","1",19,3,3,3,3,4,3,3,2,3,1,1,3,2,3,3,3,3,1,2,4,0,2,0,0,0,0,0,1,1,0,0,1,2,2,0,0,0,1,0,0,0,0,1,0,0,0,0,0,1,0,1,0,0,0,2,0,0,0,0,1,0,1,0,0,1,0,0,0,1,1,0,0
"448",450,"2","5","1",21,2,3,2,4,1,2,1,1,1,2,3,2,2,2,2,2,1,1,2,1,1,2,1,0,0,0,1,1,1,0,1,1,2,1,0,1,1,2,0,0,0,0,1,1,1,0,2,0,0,1,0,0,1,0,0,0,0,0,0,0,0,0,0,0,0,1,0,0,1,0,2,0
"449",451,"2","2","1",20,3,1,2,1,1,1,1,1,1,1,1,3,1,3,3,1,1,1,1,1,1,0,1,0,0,0,0,1,1,0,0,3,3,2,2,1,2,2,2,1,0,0,0,3,2,2,3,0,1,2,0,0,0,0,0,0,0,0,2,2,0,0,1,0,0,1,0,0.0424320752745436,3,2,3,0
"450",452,"2","2","1",18,2,3,4,2,1,1,1,1,1,2,2,2,1,1,1,2,2,1,1,1,0,0,0,0,0,1,1,1,0,1,1,0,0,0,0,0,1,3,0,0,0,0,3,0,0,2,0,0,0,0,0,0,0,0,0,0,0,0,0,0,0,0,1,0,0,1,0,0,0,0,0,1
"451",453,"2","5","1",18,3,3,3,3,3,3,3,3,3,3,3,3,3,3,3,3,3,3,3,3,3,3,3,3,3,3,3,3,3,3,3,3,3,1,0,0,0,1,1,0,1,0,3,2,1,0,3,0,0,1,0,0,3,0,2,0,0,0,1,0,0,0,0,0,0,1,0,0,0,1,2,0
"452",454,"2","5","1",18,4,4,4,4,3,3,2,2,1,1,2,4,1,3,3,2,1,1,2,2,1,1,1,1,1,1,1,1,2,2,1,2,1,0,0,1,0,0,1,0,0,2,0,1,1,0,2,0,0,0,0,0,1,0,0,0,0,0,1,1,0,0,1,0,0,1,0,0,1,0,1,0
"453",455,"2","5","2",19,5,2,1,2,4,4,4,4,3,1,1,5,1,5,5,5,5,2,1,5,0,2,0,0,2,0,0,0,0,0,0,0,2,0,0,2,0,3,2,0,1,0,0,0,0,0,0,0,0,1,0,1,0,0,2,0,2,0,1,0,0,0,0,0,0,0,0,1,0,0,0,0
"454",456,"2","5","1",19,2,2,2,2,2,2,1,1,1,1,1,2,1,2,2,1,1,1,1,1,0,0,0,0,0,0,0,0,0,0,0,0,1,0,0,1,0,2,0,0,0,1,2.07452899545345,0,0,0,2,1,1,0,0,0,0,0,0,0,0,0,0,1,0,0,0,0,0,0,0,0,0,0,2,0
"455",457,"2","5","1",19,1,3,4,1,1,1,1,1,1,1,1,1,1,1,1,1,3,4,4,4,0,3,2,2,0,0,0,0,0,0,0,3,3,1,0,2,0,2,2,1,0,0,3,3,1,0,2,2,0,2,1,0,0,0,1,0,0,0,2,2,1,0,1,0,0,0,0,0,0,2,1,0
"456",458,"2","2","1",21,3,3,2,4,4,4,2,2,1,3,3,1,3,1,3,3,1,2,2,1,0,0,0,0,0,0,0,0,0,0,0,0,1,1,0,1,0,1,0,0,0,0,0,0,0,0,1,0,0,1,0,0,0,0,1,0,0,0,0,0,0,0,0,0,0,1,0,0,0,0,1,1
"457",459,"2","5","1",20,3,5,5,5,5,4,1,2,2,1,5,3,2,3,3,3,1,1,1,1,2,0,1,0,1,1,2,2,2,0,0,0,1,2,0,3,1,3,2,0,0,0,3,3,1,1,3,0,1,1,0,1,2,0,0,0,1,0,0,1,0,0,2,0,0,0,0,0,2,3,3,0
"458",460,"2","5","1",21,1,3,3,2,4.02020934478094,3.43551901871151,4,2,2,2,2,1,2,1,1,3,2,1,1,2,2,2,0,0,2,1,0,1,0,0,0,0,2,2,0,1,0,2,1,1,1,0,2,0,1,0,2,2,0,2,0,0,0,0,1,0,0,0,0,1,1,0,1,0,0,0,0,0,0,0,0,0
"459",461,"2","2","1",18,1,2,1,2,2,2,1,1,1,1,2,1,1,1,1,1,1,1,1,1,1,0,0,0,1,0,0,1,0,0,0,0,2,1,0,1,1,1,1,0,1,0,1,1,0,2,0,0,0,2,0,0,1,0,0,0,0,0,0,0,0,0,0,0,0,1,0,0,1,1,1,0
"460",462,"2","5","1",18,4,2,2,1,2,1,1,1,1,1,1,4,1,4,4,4,1,1,1,2,2,0,0,0,0,0,0,1,1,0,0,1,3,2,0,2,0,1,1,0,1,0,1,1,2,0,1,0,0,0,0,0,1,0,1,0,0,0,0,0,0,0,0,1,0,0,0,0,2,0,3,1
"461",463,"2","5","1",18,5,5,5,5,3,3,3,3,3,3,3,5,3,5,5,5,5,5,5,5,1,1,1,1,1,1,1,1,1,1,1,1,3,2,2,2,2,2,2,0,3,0,0,1,0,0,2,2,1,2,0,0,1,0,0,0,1,0,2,2,2,0,1,1,1,1,1,2,2,2,1,0
"462",464,"2","5","2",23,2,2,2,3,2,2,2,2,2,1,1,2,1,5,5,4,2,2,3,2,2,2,1,1,2,1,1,1,1,1,1,1,1,0,1,1,0,1,1,0,2,0,2,0,0,0,1,0,1,1,0,0,1,0,0,0,0,0,1,1,0,0,1,0,0,0,1,0,1,0,1,0
"463",465,"2","5","2",20,2,3,2,2,3,2,2,2,2,3,3,2,3,3,3,3,2,2,2,2,1,0,0,0,0,0,2,1,1,0,0,1,1,0,0,0,0,1,0,0,0,0,0,0,0,0,0,0,0,0,0,0,0,0,0,0,0,0,0,0,0,0,0,0,0,0,0,0,0,0,0,0
"464",466,"2","6","2",19,5,1,1,1,5,5,1,1,5,2,3,2,2,5,5,5,2,1,5,3,2,2,2,1,0,0,3,0,0,0,0,1,0,0,0,1,0,1,1,0,1,0,3,0,0,0,2,0,1,0,0,0,0,0,0,0,1,0,0,0,0,0,0,0,0,0,0,0,1,1,0,0
"465",467,"2","2","2",18,3,4,3,1,1,1,1,1,1,1,1,4,1,3,4,3,2,2,2,3,2,2,0,0,0,0,2,0,0,1,0,2,1,0,0,0,0,2,0,0,0,1,0,0,0,0,1,0,0,0,0,0,0,0,1,0,0,0,0,0,0,1,0,0,0,0,0,0,0,2,0,0
"466",468,"2","5","1",22,3,3,3,3,1,1,1,1,1,3,3,3,3,3,3,4,4,4,4,4,2,1,1,1,1,0,2,1,1,1,1,1,0,2,0,3,3,1,3,0,3,0,0,0,2,2,3,0,0,0,0,0,0,0,0,0,2,0,2,2,2,0,3,2,0,0,0,0,3,2,0,3
"467",469,"2","5","1",18,1,2,2,2,3,3,3,3,2,3,3,3,3,3,3,3,2,2,2,4,2,2,1,1,0,1,1,2,2,2,1,2,1,0,0,1,1,2,1,0,1,0,3,1,1,0,3,2,0,2,0,0,3,0,1,0,0,0,0,1,0,0,1,0,1,3,0,0,1,1,1,1
"468",470,"2","5","1",19,5,5,5,5,5,5,5,5,5,1,1,5,1,5,5,5,5,1,1,2,0,0,0,0,0,0,0,0,0,0,0,0,2,2,0,1,0,1,1,1,0,0,0,2,0,0,2,1,1,2,1,0,3,0,0,0,0,0,0,0,0,0,0,0,1,0,0,0,1,0,3,1
"469",471,"2","5","1",19,3,2,2,2,1,1,1,1,1,1,1,3,1,3,3,4,3,2,2,2,1,0,0,1,1,1,2,2,2,1,1,0,1,0,0,0,2,0,0,1,2,0,2,1,0,2,3,0,0,0,0,0,0,0,0,0,0,0,0,0,0,1,2,0,0,3,0,0,0,1,1,0
"470",472,"2","5","2",20,2,3,2,2,4,4,1,1,2,1,3,2,3,5,5,5,3,1,1,2,2,3,1,1,1,1,0,0,1,0,0,1,0,0,1,0,0,0,0,0,1,0,0,0,0,0,2,1,0,0,0,0,0,0,0,0,0,0,0,0,0,0,0,0,0,2,0,1,0,0,0,1
"471",473,"2","5","1",20,3,2,1,1,2,2,2,2,2,1,1,3,1,3,3,4,1,1,1,1,2,0,0,0,0,0,0,0,0,0,0,0,3,0,0,1,1,1,1,0,0,0,1,0,1,0,2,0,0,1,0,0,1,0,1,0,0,0,0,0,0,0,0,0,0,1,0,0,1,0,2,0
"472",474,"2","5","2",19,3,3,3,1,1,1,1,1,1,1,1,2,2,3,3,2,1,1,1,1,2,0,0,0,1,1,2,3,2,0,0,0,1,0,0,0,1,3,1,0,0,0,0,0,0,0,0,0,0,1,0,0,0,0,1,0,0,0,1,1,0,0,0,0,0,1,0,0,0,0,0,0
"473",475,"2","5","1",20,3,2,2,2,2,2,1,1,1,2,3,3,1,3,3,3,1,1,3,1,0,1,0,0,0,0,0,0,0,0,0,3,3,2,0,0,0,3,1,0,1,0,3,3,0,0,3,0,0,0,0,0,0,0,0,0,0,0,0,0,0,0,0,0,0,3,0,0,1,0,3,0
"474",476,"2","5","1",19,1,1,1,1,1,1,1,1,1,1,3,1,1,2,2,4,1,1,1,1,0,0,0,0,0,0,0,2,0,0,0,0,0,1,0,3,2,0,1,0,0,0,0,1,0,0,1,0,0,0,2,0,0,0,0,0,1,0,0,1,0,0,0,0,0,0,0,0,0,0,0,0
"475",477,"2","6","1",19,1,1,1,1,1,1,1,1,1,1,1,2,1,1,1,2,1,1,1,1,1,0,0,0,0,0,1,1,0,0,0.300367399367282,0,3,1,0,3,1,0,3,0,0,3,0,3,0,0,3,0,0,0,0,0,2,0,0,0,0,0,0,1,0,0,1.24887815865446,0,0,1,0,0,3,3,3,2
"476",478,"2","5","2",20,4,1,1,1,3,2,1,1,1,1,1,3,1,1,3,4,3,1,1,1,0,0,0,0,0,0,1,0,0,0,0,0,2,1,0,0,0,2,0,0,0,0,3,0,0,0,2,0,0,1,0,0,0,0,0,0,0,0,0,1,0,0,0,0,0,0,0,1,0,0,0,0
"477",479,"2","5","2",21,3,3,3,3,1,1,1,1,1,1,1,3,1,4,3,1,1,1,1,1,2,0,0,0,0,0,0,0,0,0,0,0,1,2,0,0,0,2,1,0,0,2,0,1,0,0,0,0,0,0,0,0,0,0,0,0,2,0,0,2,3,0,0,0,1,0,0,0,1,2,0,3
"478",480,"2","5","1",19,2,3,3,3,1,1,1,1,1,1,1,2,1,2,2,1,1,1,1,1,1,1,0,0,0,0,0,1,0,0,0,0,1,1,0,0,0,0,0,0,0,0,3,0,0,0,0,0,0,0,0,0,0,0,0,0,0,0,0,1,0,0,0,0,0,0,0,0,1,0,0,0
"479",481,"2","5","2",18,3,2,2,1,2,1,1,1,1,2,2,3,1,3,3,1,1,1,1,1,3,0,0,0,0,0,0,0,0,0,0,0,0,2,0,1,1,1,2,0,0,1,0,0,0,0,1,0,0,2,0,0,0,0,0,0,1,0,0,1,0,0,0,1,1,0,0,0,0,0,0,1
"480",482,"2","5","1",19,2,4,4,4,1,1,1,1,1,1,1,2,1,2,2,1,1,1,1,1,1,1,1,1,1,1,1,1,1,1,1,1,3,3,0,0,0,0,1,0,2,0,0,0,0,0,0,0,0,0,0,0,1,0,0,0,0,0,0,1,0,0,0,0,0,3,0,0,0,0,0,1
"481",483,"2","5","1",19,4,5,5,5,5,1,1,1,5,3,1,3,1,4,4,3,4,5,1,5,1,3,1,2,1,2,2,2,2,2,1,2,3,1,0,3,3,3,3,2,3,1,0,3,0,0,3,0,0,3,3,0,2,0,0,0,0,3,0,0,0,0,0,0,0,3,0,0,3,3,3,0
"482",484,"2","5","1",19,3,4,4,4,3,3,1,3,3,4,4,2,4,2,2,5,2,3,3,2,2,2,2,2,2,2,3,2,2,1,1,1,2,2,3,3,1,3,3,2,3,1,1,2,3,3,3,3,0,0,1,0,0,1,0,0,3,1,3,3,3,0,2,3,1,1,3,1,3,3,0,1
"483",485,"2","5","2",19,3,2,1,1,2,1,2,2,1,1,1,3,1,2,3,2,1,1,1,1,1,2,2,0,0,2,1,1,1,0,0,2,1,3,0,1,1,1,1,0,0,2,1,0,0,0,0,0,0,0,0,0,1,1,0,0,2,1,1,2,1,0,1,1,0,0,2,0,0,3,0,0
"484",486,"2","5","1",18,5,5,5,5,5,5,5,5,4,5,5,5,4,5,5,5,2,4,3,2,3,2,2,2,3,1,2,3,2,3,3,1,3,3,2,3,3,3,3,3,2,0,3,2,3,3,3,1,0,2,0,0,2,2,2,0,1,2,2,3,1,0,2,1,3,2,0,1,2,3,3,1
"485",487,"2","6","2",20,2,4,3,3,2,2,2,2,2,2,2,1,3,5,3,3,2,3,2,2,0,1,0,0,0,0,0,0,0,2,2,0,2,2,1,3,1,2,3,2,0,0,3,3,1,1,2,0,1,0,0,0,3,0,0,0,0,0,3,3,0,0,2,0,0,0,0,0,3,3,3,0
"486",488,"2","2","1",18,3,3,2,1,2,2,2,2,2,1,1,2,1,2,2,3,2,2,1,2,0,0,0,0,0,0,0,0,0,0,0,0,2,0,0,3,1,3,2,3,0,1,3,0,1,0,3,0,1,0,0,0,0,0,0,0,1,0,0,0,0,0,1,1,0,1,1,0,3,1,1,0
"487",489,"2","5","1",20,1,2,2,2,2,2,2,2,1,1,1,1,1,1,1,2,2,2,2,2,0,0,0,0,0,0,0,0,0,0,0,0,0,0,0,0,0,0,0,0,0,0,0,0,0,0,0,0,0,0,0,0,0,0,0,0,0,0,0,0,0,0,0,0,0,0,0,0,0,0,0,0
"488",490,"2","5","1",19,3,2,1,2,1,1,1,1,1,2,4,3,1,3,3,3,2,4,5,2,1,1,1,1,1,2,1,1,1,0,0,0,3,3,0,3,2,3,3,2,1,3,3,1,3,3,3,0,3,3,2,0,3,0,0,0,2,1,2,3,3,3,3,3,3,2,0,0,3,3,2,3
"489",491,"2","3","1",20,5,1,1,1,3,3,1,1,2,2,2,5,3,5,5,5,1,1,3,5,0,1,1,1,1,1,1,1,1,1,1,1,2,1,0,2,0,1,1,0,0,0,0,2,0,2,2,0,0,0,0,0,0,0,0,0,0,0,2,1,0,0,0,0,1,0,1,0,0,0,2,0
"490",492,"2","5","2",19,2,4,4,4,4,3,4,4,4,4,4,2,4,1,1,5,4,4,4,4,2,0,0,0,2,2,2,1,2,0,1,0,2,2,1,2,0,0,1,0,3,0,1,0,0,0,0,0,0,2,0,0,0,0,0,0,1,0,0,0,1,0,0,0,0,2,0,0,0,0,0,0
"491",493,"2","5","1",18,2,3,3,3,1,1,1,1,1,1,2,2,1,2,2,2,3,1,2,1,1,2,1,2,1,2,2,1,1,0,1,1,1,2,0,3,0,1,2,0,2,1,1,2,1,2,0,0,0,1,1,0,1,0,0,0,2,0,2,3,1,1,2,0,1,0,0,0,2,1,2,0
"492",494,"2","5","1",18,2,5,5,2,5,5,1,1,3,1,2,4,1,5,5,4,4,4,5,2,1,0,0,0,1,2,0,0,0,0,0,0,2,0,0,1,0,2,1,1,0,0,1,0,0,0,1,0,0,1,0,0,0,0,0,0,0,0,0,1,0,0,0,0,0,3,0,0,1,0,1,0
"493",495,"2","5","1",19,2,2,1,1,1,1,1,1,1,1,1,2,1,2,2,1,1,1,1,1,0,0,0,0,0,0,0,0,0,0,0,0,1,0,0,1,0,2,1,0,1,0,3,1,1,0,1,0,0,0,0,0,1,0,0,0,0,0,0,0,0,0,0,0,0,0,0,0,0,1,2,1
"494",496,"2","5","1",18,3,2,3,2,2,2,1,1,2,1,1,2,2,3,3,2,2,2,1,1,1,0,0,0,0,0,1,0,0,0,0,0,2,2,0,1,0,2,1,1,0,0,0,2,3,0,1,0,0,1,0,0,0,0,0,0,1,0,0,1,0,0,0,0,0,1,0,0,1,1,1,0
"495",497,"2","4","2",19,3,3,3,1,1,1,1,1,1,1,1,3,1,4,4,3,3,2.46854791443506,2,5,0,3,0,0,0,0,1,1,1,1,0,0,1,3,1,2,0,3,2,1,1,2,3,3,0,0,3,1,2,2,0,0,0,1,3,0,0,0,1,2,0,1,1,1,3,3,1,0,2,2,1,0
"496",498,"2","5","1",23,5,1,1,1,3,3,2,3,2,2,2,4,2,4,4,5,5,4,3,5,2,2,2,2,2,2,2,2,2,2,2,2,1,0,0,3,2,0,3,0,3,0,3,0,2,1,3,3,0,1,1,0,1,2,0,0,0,0,2,1,0,0,3,0,0,0,1,1,0,0,1,2
"497",499,"2","5","2",20,3,2,2,1,3,3,1,1,3,1,1,2,1,4,4,4,3,2,3,2,1,0,0,0,0,0,0,0,1,0,0,0,0,0,0,1,1,1,0,0,1,0,3,0,0,0,0,0,1,1,0,0,0,0,0,0,0,1,1,1,0,0,1,0,0,1,0,0,1,0,1,2
"498",500,"2","5","1",19,3,2,2,2,2,2,2,1,2,4,4,3,4,3,3,3,3,2,2,2,1,0,0,0,0,0,1,0,0,0,0,0,1,2,0,1,0,1,3,0,1,1,0,0,2,2,2,0,0,0,1,0,1,0,1,0,2,0,1,2,0,0,3,0,2,0,0,0,1,1,2,1
"499",501,"2","5","1",20,5,5,5,4,4,3,1,1,3,3,3,5,3,5,5,5,3,3,2,3,3,2,2,2,3,3,3,3,3,3,3,2,1,1,0,3,2,1,1,0,0,0,0,3,1,1,1,0,0,0,0,0,1,0,1,0,1,0,3,0,0,0,1,1,0,2,0,2,3,0,3,2
"500",502,"2","4","1",18,2,1,1,1,1,1,1,1,1,1,1,1,1,2,2,2,1,1,1,1,1,0,0,0,0,0,0,0,0,0,0,3,2,2,0,0,0,0,2,2,0,0,2,1,0,0,0,0,0,0,0,0,0,0,0,0,0,0,0,0,0,0,0,0,0,0,0,0,0,0,2,0
"501",503,"2","2","2",19,2,2,2,2,3,3,1,1,3,3,3,2,3,1,2,3,1,1,1,1,0,0,0,0,0,0,0,0,0,0,0,0,1,0,0,0,1,3,1,1,1,0,2,0,0,0,3,0,1,1,0,0,1,0,0,0,0,0,1,0,0,0,1,0,0,3,0,0,0,0,1,0
"502",504,"2","5","1",21,4,4,4,4,2,2,3,2,3,2,3,4,1,4,4,4,4,4,4,4,2,2,0,1,1,1,3,3,3,2,3,0,3,1,0,1,0,0,1,1,3,0,0,3,1,0,2,0,0,0,0,0,2,0,2,0,0,1,0,2,0,0,0,0,1,2,0,1,0,0,1,1
"503",505,"2","5","1",19,5,3,1,2,2,2,2,2,2,3,2,5,2,4,4,2,3,3,1,2,3,2,3,3,2,2,3,3,3,3,3,2,2,2,0,1,1,1,3,3,2,1,2,0,0,1,2,0,1,1,0,0,3,0,0,0,1,0,3,2,1,0,3,1,1,0,1,1,3,0,3,0
"504",506,"2","6","2",23,2,3,3,3,2,2,1,1,1,1,2,3,2,3,3,2,1,1,1,3,2,1,1,1,0,0,1,1,1,1,1,1,1,0,0,0,0,0,0,0,0,0,3,0,0,0,3,0,0,0,0,0,0,0,0,0,0,0,0,0,0,0,0,0,0,0,0,0,0,0,0,0
"505",507,"2","6","2",19,2,1,1,1,3,2,1,1,2,1,1,2,1,2,2,3,2,3,1,3,1,1,1,1,1,1,2,1,1,0,1,1,0,0,1,2,1,2,0,0,1,3,0,3,0,0,1,2,2,0,0,1,1,1,2,0,0,0,0,1,0,2,1,0,0,1,0,0,1,2,2,1
"506",508,"2","5","1",18,2,4,3,2,3,3,1,1,1,1,1,1,1,1,2,1,1,1,1,1,0,0,0,0,0,0,0,0,0,0,0,0,2,0,0,1,0,0,1,0,0,0,1,1,0,0,0,0,0,1,0,0,0,0,0,0,0,0,0,0,0,0,0,0,0,1,0,0,0,0,0,0
"507",509,"2","5","1",20,3,4,3,4,3,4,3,4,2,3,3,2,3,3,3,3,3,3,4,3,1,2,2,1,2,2,1,1,2,2,1,1,2,2,1,1,2,1,1,1,2,1,2,2,2,2,2,1,2,2,1,2,1,2,1,2,1,1,1,2,2,1,1,2,2,1,2,0.201112214347701,2,2,2,1
"508",510,"2","5","1",18,3,5,5,5,2,3,1,1,1,1,4,3,2,4,4,3,2,2,3,1,1,2,0,0,0,0,0,0,1,0,1,0,1,0,0,1,1,2,1,0,1,0,3,2,0,2,2,0,0,2,1,0,1,0,3,0,0,0,1,1,0,0,0,0,1,3,0,0,1,0,1.35810340030586,0
"509",511,"2","3","2",20,1,1,1,1,1,1,1,1,1,1,1,1,2,2,2,2,1,1,1,1,2,3,0,0,1,0,0,0,0,0,0,3,1,0,0,0,0,1,1,0,2,0,3,0,0,0,0,0,0,0,0,0,0,0,0,0,0,0,1,0,0,0,0,0,0,0,0,0,0,0,1,0
"510",512,"2","5","2",18,1,3,3,3,3,3,1,1,1,1,1,3,1,4,5,5,5,3,3,2,0,0,0,0,0,0,0,0,0,0,0,0,3,0,0,1,0,1,2,1,3,0,3,1,0,0,3,0,0,0,1,0,0,0,0,0,0,0,0,0,0,0,0,0,0,0,0,0,1,1,0,0
"511",513,"2","5","2",19,2,3,3,4,4,1,1,1,1,1,4,2,3,1,1,2,2,1,2,3,0,3,3,0,0,0,0,0,0,0,0,3,1,0,0,0,0,0,0,0,2,0,2,3,0,0,2,0,0,0,0,0,0,0,1,0,0,0,0,0,0,0,0,0,0,0,0,0,0,0,3,2
"512",514,"2","2","1",18,3,3,2,1,2,2,1,1,1,1,1,4,3,3,3,1,1,1,2,1,0,1,1,1,0,0,0,1,1,2,2,1,3,1,0,3,0,3,2,3,3,0,2,1,1,0,2,0,0,1,0,0,1,0,0,0,0,0,0,0,0,0,0,0,1,0,0,0,3,0,2,0
"513",515,"2","2","1",18,5,5,5,5,5,5,5,5,4,5,5,5,5,5,5,5,5,5,5,5,0,0,0,1,0,0,0,0,0,0,0,3,1,1,2,1,1,0,1,0,0,0,2,1,1,1,2,0,0,1,0,0,1,0,0,0,0,0,0,0,0,0,0,0,0,0,0,0,1,0,1,0
"514",516,"2","5","2",18,3,1,1,2,2,2,1,1,1,1,1,3,1,3,3,5,2,2,3,2,2,2,0,0,0,0,0,0,0,0,0,2,1,0,0,1,0,3,1,0,0,0,3,0,0,0,1,0,0,0,0,0,0,0,0,0,0,0,0,0,0,0,1,0,0,0,0,0,0,0,0,0
"515",517,"2","5","1",21,4,3,2,3,3,3,3,3,2,1,3,4,2,5,5,3,3,3,3,4,2,3,3,2,1,2,2,3,3,3,3,1,3,3,1,2,2,2,2,0,1,1,1,1,0,3,3,0,0,0,0,0,2,0,0,0,0,0,0,2,0,0,1,0,1,2,0,0,1,0,2,0
"516",518,"2","5","1",18,3,4,4,4,1,1,1,1,1,2,2,2,1,3,3,3,1,4,3,4,2,2,0,0,0,1,1,2,2,1,1,1,1,0,0,2,1,2,1,0,2,0,2,0,0,0,1,0,0,0,0,0,0,0,0,0,1,0,0,1,0,0,0,0,0,2,0,2,0,1,0,1
"517",519,"2","5","1",18,2,1,1,1,1,1,1,1,1,1,1,2,1,2,2,2,1,1,1,1,1,0,0,0,0,0,0,0,0,0,0,0,2,0,0,0,0,0,0,0,0,0,3,0,0,0,1,1,0,1,0,0,0,0,1,0,0,0,0,0,0,0,0,0,0,0,0,0,1,0,0,0
"518",520,"2","5","1",18,4,2,2,3,2,3,2,2,1,3,3,4,2,5,5,4,4,3,4,2,0,1,0,0,1,0,1,1,1,0,0,0,3,3,0,2,0,3,2,1,1,1,3,1,1,1,3,0,1,1,0,0,2,0,2,0,1,0,1,1,1,0,1,0,2,2,0,0,1,1,2,1
"519",521,"2","5","1",18,4,3,3,3,3,3,3,3,3,3,4,4,1,4,4,3,2,2,2,1,1,0,0,0,1,1,0,0,0,0,0,0,2,0,0,2,1,2,2,1,0,0,1,2,0,1,2,0,1,2,0,0,2,0,1,0,2,2,2,2,2,0,2,0,0,1,0,1,2,1,2,0
"520",522,"2","5","1",18,4,4,5,5,4,3,3,3,3,4,3,5,3,5,5,5,5,5,4,5,2,1,1,2,1,2,2,2,2,1,1,2,3,2,0,1,3,3,3,2,1,0,2,0,2,1,3,3,1,2,1,0,2,1,2,0,2,0,1,3,1,0,3,1,2,1,0,0,1,3,2,1
"521",523,"2","6","2",19,2,2,2,1,1,1,1,1,1,2,1,2,2,4,3,3,1,2,2,2,1,2,0,0,0,0,1,1,1,1,1,0,0,0,0,1,0,1,1,0,2,1,0,1,0,0,1,1,2,0,0,0,0,1,0,0,0,0,0,2,1,0,1,0,0,3,0,0,2,0,2,1
"522",524,"2","5","1",19,5,4,4,2,3,3,3,3,2,4,4,5,2,5,5,5,3,2,4,4,2,1,1,2,1,1,2,2,2,1,1,0,2,3,1,3,1,3,3,1,3,0,0,3,1,1,3,1,0,3,0,0,0,0,0,0,0,0,3,3,1,0,1,3,3,0,1,0,1,0,2,3
"523",525,"2","2","1",20,1,1,1,1,1,1,1,1,1,1,1,1,1,1,1,1,1,1,1,1,0,2,0,0,0,0,0,3,0,0,0,0,1,1,1,0,1,0,1,1,0,0,0,0,0,0,0,0,0,1,0,0,0,0,0,0,1,0,0,0,0,0,0,0,0,2,0,0,0,0,0,0
"524",526,"2","6","2",18,2,1,1,1,1,1,1,1,1,1,1,3,1,1,1,3,3,3,3,3,2,0,0,0,0,1,0,0,0,0,0,0,0,0,0,0,0,0,0,0,0,0,0,0,0,0,0,0,0,0,0,0,0,0,0,0,0,0,0,0,0,0,0,0,0,0,0,0,0,0,0,0
"525",527,"2","6","1",18,2,4,4,4,2,2,2,2,2,2,3,2,1,2,2,3,1,1,2,1,1,1,1,1,2,2,1,1,1,0,0,0,1,1,0,2,1,3,3,1,3,0,1,2,0,0,3,1,0,0,1,0,2,2,0,1,2,0,3,2,2,1,0,1,2,1,2,1,1,2,3,2
"526",528,"2","6","1",19,1,1,1,1,1,1,1,1,1,1,1,1,1,1,1,1,1,1,1,1,0,0,0,0,0,0,0,0,0,0,0,0,1,1,0,3,0,2,2,0,0,0,1,2,0,0,2,0,0,0,0,0,0,0,1,0,0,0,0,0,0,0,0,0,0,1,0,0,2,1,2,0
"527",529,"2","5","1",19,4,5,5,5,4,4,4,4,3,4,4,4,4,4,3,4,2,2,3,3,2,1,1,1,1,1,1,1,1,1,1,1,2,2,0,3,0,1,2,0,2,0,0,2,2,0,3,0,1,0,0,0,1,0,0,0,0,0,1,0,0,0,1,0,0,0,0,0,3,0,2,0
"528",530,"2","6","1",18,3,2,2,3,1,1,1,1,1,2,1,2,1,3,3,2,1,1,2,3,1,1,1,1,1,1,1,1,1,0,1,1,2,0,0,0,0,1,1,0,0,0,0,1,0,0,1,0,0,0,0,0,0,0,1,0,0,0,0,0,0,0,0,0,0,0,0,0,1,1,1,1
"529",531,"2","5","2",20,2,2,3,2,1,2,1,1,1,1,2,2,2,4,3,1,1,1,3,2,0,1,0,1,0,0,1,1,0,0,0,3,1,0,0,2,0,2,1,1,1,2,2,0,0,0,3,0,1,2,0,1,2,0,0,0,0,0,2,1,0,0,1,0,0,1,1,0,2,0,1,0
"530",532,"2","5","1",20,3,3,3,3,3,3,3,3,3,3,3,3,3,3,3.30022966567222,3,3,3,3,3,2,2,2,2,2,2,2,2,2,2,2,2,1,1,1,1,1,1,1,1,1,1,1,1,1,1,1,1,1,1,1,1,1,1,1,1,1,1,1,1,1,1,1,1,1,1,1,1,1,1,1,1
"531",533,"2","1","2",19,2,5,4,2,2,2,1,3,2,3,3,1,2,3,3,1,3,2,2,4,1,3,1,0,0,0,2,1,1,2,1,0,2,0,0,1,2,2,1,1,1,0,1,2,0,0,2,0,0,2,0,1,2,0,0,0,1,0,1,2,0,0,2,0,0,1,0,0,1,1,3,0
"532",534,"2","5","1",21,4,2,1,4,3,3,1,1,1,1,1,4,1,4,4,4,4,4,4,4,2,0,0,0,1,2,1,0,0,0,0,0,1,1,0,0,2,2,2,0,2,2,2,2,0,0,2,1,3,2,0,0,2,0,0,0,0,0,0,0,0,0,0,0,0,1,0,0,0,0,2,3
"533",535,"2","5","2",19,1.1144301941582,3,2,1,2,1,1,1,1,1,1,1.60888715348999,1,3.34103009535927,3.27173916826471,4,1,1,2,1,0,0,0,0,0,0,0,0,0,0,0,0,1,2,0,3,0,1,3,0,0,0,3,0,0,0,0,0,1,1,0,0,1,0,0,0,0,0,2,1,0,0,1,0,0,1,0,0,3,2,1,0
"534",536,"2","5","3",21,4,4,4,2,2,2,2,2,1,3,5,4,5,5,5,5,3,3,2,2,3,3,3,3,2,2,3,3,2,2,3,2,1,3,0,3,1,3,3,0,2,3,3,2,2,3,3,0,1,3,3,0,2,0,1,0,1,0,3,3,0,0,2,1,1,2,1,0,3,3,2,0
"535",537,"2","5","2",19,3,1,2,3,2,3,2,1,1,3,3,2,3,4,4,4,4,2,2,3,1,2,0,0,1,2,1,1,1,1,2,0,1,1,0,2,0,1,2,1,3,0,1,3,0,0,1,0,0,1,0,0,1,0,1,0,0,0,2,1,0,0,0,1,0,0,0,1,3,0,3,1
